animal,local_pair_index,pair_id,ch1,ch2,distance_px,x1,y1,x2,y2,mid_x,mid_y,algorithm,bottleneck_threshold_px
Kin2,1,BP001-002,1,2,77.14537000208709,89.23792243270543,851.572434322051,110.88948689471022,777.5277324919634,100.06370466370782,814.5500834070072,"minimum-bottleneck, minimum-total-distance perfect matching on official NeuroTycho X/Y coordinates",77.14537000208709
Kin2,2,BP003-018,3,18,71.54940210551683,154.1926158187198,729.6164548372009,225.2097472540956,738.3275962289758,189.7011815364077,733.9720255330883,"minimum-bottleneck, minimum-total-distance perfect matching on official NeuroTycho X/Y coordinates",77.14537000208709
Kin2,3,BP004-010,4,10,34.96634550611213,220.30205930937439,683.5718503378187,214.81699631233306,718.1053037123553,217.55952781085372,700.838577025087,"minimum-bottleneck, minimum-total-distance perfect matching on official NeuroTycho X/Y coordinates",77.14537000208709
Kin2,4,BP005-011,5,11,21.862270666085518,267.0694385473045,659.3050993178738,259.563562867143,679.8385040270579,263.3165007072238,669.5718016724659,"minimum-bottleneck, minimum-total-distance perfect matching on official NeuroTycho X/Y coordinates",77.14537000208709
Kin2,5,BP006-012,6,12,20.26177791627968,324.51825625315723,640.0161433789435,320.7653184130764,659.9273237030009,322.6417873331168,649.9717335409722,"minimum-bottleneck, minimum-total-distance perfect matching on official NeuroTycho X/Y coordinates",77.14537000208709
Kin2,6,BP007-013,7,13,20.567587536200584,386.8747619037308,620.1049630548864,390.6276997438117,640.3272555715068,388.75123082377127,630.2161093131966,"minimum-bottleneck, minimum-total-distance perfect matching on official NeuroTycho X/Y coordinates",77.14537000208709
Kin2,7,BP008-014,8,14,15.129267201814791,433.06476608934116,612.6382704333648,437.9724540340621,626.9494312912809,435.5186100617016,619.7938508623229,"minimum-bottleneck, minimum-total-distance perfect matching on official NeuroTycho X/Y coordinates",77.14537000208709
Kin2,8,BP009-017,9,17,33.33338998102544,158.81161623728087,767.2610301373716,181.32924327776573,791.8388933498795,170.0704297575233,779.5499617436255,"minimum-bottleneck, minimum-total-distance perfect matching on official NeuroTycho X/Y coordinates",77.14537000208709
Kin2,9,BP015-023,15,23,10.580999331472933,469.72808191166916,615.4382801664354,477.5226451179909,622.5938605953934,473.62536351483004,619.0160703809145,"minimum-bottleneck, minimum-total-distance perfect matching on official NeuroTycho X/Y coordinates",77.14537000208709
Kin2,10,BP016-024,16,24,24.30757831586943,512.7425233095187,605.4826900044069,533.2393376668831,618.5494020920694,522.9909304882009,612.0160460482382,"minimum-bottleneck, minimum-total-distance perfect matching on official NeuroTycho X/Y coordinates",77.14537000208709
Kin2,11,BP019-026,19,26,29.751432212273393,272.8431890705059,700.6830209288053,265.91468844266427,729.6164548372009,269.37893875658506,715.1497378830031,"minimum-bottleneck, minimum-total-distance perfect matching on official NeuroTycho X/Y coordinates",77.14537000208709
Kin2,12,BP020-027,20,27,26.401522712884915,321.92006851771674,677.9718308716775,318.1671306776358,704.1052550470026,320.04359959767623,691.03854295934,"minimum-bottleneck, minimum-total-distance perfect matching on official NeuroTycho X/Y coordinates",77.14537000208709
Kin2,13,BP021-028,21,28,25.170332519570838,388.60688706069135,658.3717627401838,384.85394922061045,683.2607381452553,386.7304181406509,670.8162504427196,"minimum-bottleneck, minimum-total-distance perfect matching on official NeuroTycho X/Y coordinates",77.14537000208709
Kin2,14,BP022-029,22,29,22.35896765721393,444.3235796095837,641.8828165343239,440.8593292956629,663.9717822063249,442.59145445262334,652.9272993703244,"minimum-bottleneck, minimum-total-distance perfect matching on official NeuroTycho X/Y coordinates",77.14537000208709
Kin2,15,BP025-032,25,32,28.635421505444082,572.789528750812,627.8827678689712,571.9234661723315,656.5050895848035,572.3564974615717,642.1939287268874,"minimum-bottleneck, minimum-total-distance perfect matching on official NeuroTycho X/Y coordinates",77.14537000208709
Kin2,16,BP030-040,30,40,22.75701355637396,483.58508316735225,645.3050506525212,485.0285207981525,668.016240709649,484.3068019827524,656.660645681085,"minimum-bottleneck, minimum-total-distance perfect matching on official NeuroTycho X/Y coordinates",77.14537000208709
Kin2,17,BP031-041,31,41,28.522370429330074,521.9805241466408,640.6383677640704,525.4447744605615,668.9495772873391,523.7126493036012,654.7939725257047,"minimum-bottleneck, minimum-total-distance perfect matching on official NeuroTycho X/Y coordinates",77.14537000208709
Kin2,18,BP033-043,33,43,22.56673590321595,616.9587202533016,654.0161920442963,621.5777206718627,676.1051577162971,619.2682204625821,665.0606748802967,"minimum-bottleneck, minimum-total-distance perfect matching on official NeuroTycho X/Y coordinates",77.14537000208709
Kin2,19,BP034-044,34,44,33.100743428953905,678.4491633253951,666.1495675542686,690.5740394241177,696.9496746180446,684.5116013747564,681.5496210861565,"minimum-bottleneck, minimum-total-distance perfect matching on official NeuroTycho X/Y coordinates",77.14537000208709
Kin2,20,BP035-045,35,45,27.05918449420545,744.8472943422098,674.8607089460436,748.8889197084504,701.6163575064954,746.8681070253301,688.2385332262695,"minimum-bottleneck, minimum-total-distance perfect matching on official NeuroTycho X/Y coordinates",77.14537000208709
Kin2,21,BP036-047,36,47,26.133424175325104,265.33731339034426,758.8610009381598,265.33731339034426,784.9944251134849,265.33731339034426,771.9277130258224,"minimum-bottleneck, minimum-total-distance perfect matching on official NeuroTycho X/Y coordinates",77.14537000208709
Kin2,22,BP037-048,37,48,36.7214530340072,325.0956313054774,737.705371843849,325.96169388395754,774.4166105663295,325.5286625947175,756.0609912050893,"minimum-bottleneck, minimum-total-distance perfect matching on official NeuroTycho X/Y coordinates",77.14537000208709
Kin2,23,BP038-049,38,49,31.235379190501963,380.81232385436965,713.4386208239043,386.00869932525075,744.2387278876804,383.4105115898102,728.8386743557924,"minimum-bottleneck, minimum-total-distance perfect matching on official NeuroTycho X/Y coordinates",77.14537000208709
Kin2,24,BP039-050,39,50,31.83962978513885,439.70457919102273,692.9052161147205,437.10639145558207,724.6386597561866,438.4054853233024,708.7719379354535,"minimum-bottleneck, minimum-total-distance perfect matching on official NeuroTycho X/Y coordinates",77.14537000208709
Kin2,25,BP042-053,42,53,30.494461303782238,574.8103414339324,686.9940844560159,574.2329663816122,717.4830793272286,574.5216539077724,702.2385818916223,"minimum-bottleneck, minimum-total-distance perfect matching on official NeuroTycho X/Y coordinates",77.14537000208709
Kin2,26,BP046-088,46,88,29.59012453726144,786.4182981092589,728.3720060669473,778.9124224290972,756.9943277827795,782.6653602691781,742.6831669248634,"minimum-bottleneck, minimum-total-distance perfect matching on official NeuroTycho X/Y coordinates",77.14537000208709
Kin2,27,BP051-060,51,60,28.290284306277663,474.3470823302301,724.9497719487499,478.388707696471,752.9498692794554,476.36789501335056,738.9498206141027,"minimum-bottleneck, minimum-total-distance perfect matching on official NeuroTycho X/Y coordinates",77.14537000208709
Kin2,28,BP052-061,52,61,39.520739098682554,524.5787118820813,710.9497232833971,523.712649303601,750.4609717389483,524.1456805928411,730.7053475111727,"minimum-bottleneck, minimum-total-distance perfect matching on official NeuroTycho X/Y coordinates",77.14537000208709
Kin2,29,BP054-063,54,63,31.529565382245593,627.3514711950637,707.5274891651999,624.7532834596233,738.9498206141027,626.0523773273435,723.2386548896513,"minimum-bottleneck, minimum-total-distance perfect matching on official NeuroTycho X/Y coordinates",77.14537000208709
Kin2,30,BP055-064,55,64,28.61294812458036,696.9251649996392,721.5275378305528,678.7378508515551,743.6165035025535,687.8315079255972,732.5720206665532,"minimum-bottleneck, minimum-total-distance perfect matching on official NeuroTycho X/Y coordinates",77.14537000208709
Kin2,31,BP056-057,56,57,58.64589995149463,267.0694385473045,814.5500834070073,325.3843188316374,808.3278395557395,296.22687868947094,811.4389614813733,"minimum-bottleneck, minimum-total-distance perfect matching on official NeuroTycho X/Y coordinates",77.14537000208709
Kin2,32,BP058-066,58,66,41.442323632453906,390.0503246914916,778.4610690696536,387.74082448221117,819.838990680585,388.89557458685135,799.1500298751193,"minimum-bottleneck, minimum-total-distance perfect matching on official NeuroTycho X/Y coordinates",77.14537000208709
Kin2,33,BP059-067,59,67,48.4714790732678,444.90095466190377,766.9499179448081,439.9932667171826,815.172307792134,442.4471106895432,791.0611128684711,"minimum-bottleneck, minimum-total-distance perfect matching on official NeuroTycho X/Y coordinates",77.14537000208709
Kin2,34,BP062-070,62,70,36.68428079472968,576.8311541170527,749.527635161258,562.1080902828896,783.1277519581046,569.4696221999711,766.3276935596813,"minimum-bottleneck, minimum-total-distance perfect matching on official NeuroTycho X/Y coordinates",77.14537000208709
Kin2,35,BP065-074,65,74,35.471489276127464,326.5390689362777,833.8390393459376,325.96169388395754,869.3058292981646,326.2503814101176,851.5724343220511,"minimum-bottleneck, minimum-total-distance perfect matching on official NeuroTycho X/Y coordinates",77.14537000208709
Kin2,36,BP068-069,68,69,38.80837660614028,480.98689543191165,806.4611664003589,518.80496135888,797.750025008584,499.8959283953958,802.1055957044714,"minimum-bottleneck, minimum-total-distance perfect matching on official NeuroTycho X/Y coordinates",77.14537000208709
Kin2,37,BP071-072,71,72,46.241315246091276,616.9587202533016,766.9499179448081,663.1487244389117,769.1277032927518,640.0537223461067,768.03881061878,"minimum-bottleneck, minimum-total-distance perfect matching on official NeuroTycho X/Y coordinates",77.14537000208709
Kin2,38,BP073-087,73,87,34.59107242859601,707.0292284152415,762.9054594414839,741.383044028289,766.9499179448081,724.2061362217653,764.927688693146,"minimum-bottleneck, minimum-total-distance perfect matching on official NeuroTycho X/Y coordinates",77.14537000208709
Kin2,39,BP075-076,75,76,46.80461760823814,386.58607437757104,860.5946879063895,433.35345361550117,858.7280147510091,409.96976399653613,859.6613513286993,"minimum-bottleneck, minimum-total-distance perfect matching on official NeuroTycho X/Y coordinates",77.14537000208709
Kin2,40,BP077-078,77,78,39.64918245412595,483.29639564119213,856.5502294030654,522.8465867251209,853.7502196699949,503.0714911831565,855.1502245365301,"minimum-bottleneck, minimum-total-distance perfect matching on official NeuroTycho X/Y coordinates",77.14537000208709
Kin2,41,BP079-080,79,80,45.635916456594195,552.8700894457673,843.7946295079662,595.884530843617,828.5501320723599,574.3773101446922,836.1723807901631,"minimum-bottleneck, minimum-total-distance perfect matching on official NeuroTycho X/Y coordinates",77.14537000208709
Kin2,42,BP081-101,81,101,42.5937142586425,652.1785984448293,819.838990680585,662.2826618604316,861.2169122915162,657.2306301526305,840.5279514860506,"minimum-bottleneck, minimum-total-distance perfect matching on official NeuroTycho X/Y coordinates",77.14537000208709
Kin2,43,BP082-102,82,102,46.19323365210286,705.8744783106011,807.7056151706126,717.1332918308435,852.5057708997413,711.5038850707224,830.105693035177,"minimum-bottleneck, minimum-total-distance perfect matching on official NeuroTycho X/Y coordinates",77.14537000208709
Kin2,44,BP083-084,83,84,31.77420505276082,732.4337307173271,732.105352377708,762.1685459118135,720.9053134454259,747.3011383145703,726.5053329115669,"minimum-bottleneck, minimum-total-distance perfect matching on official NeuroTycho X/Y coordinates",77.14537000208709
Kin2,45,BP085-086,85,86,25.667489042586734,805.471674835823,708.7719379354535,828.5666769286281,697.5718990031712,817.0191758822256,703.1719184693123,"minimum-bottleneck, minimum-total-distance perfect matching on official NeuroTycho X/Y coordinates",77.14537000208709
Kin2,46,BP089-090,89,90,44.091481824125104,819.9060511438262,747.6609620058776,862.6318050155157,736.772035266159,841.268928079671,742.2164986360183,"minimum-bottleneck, minimum-total-distance perfect matching on official NeuroTycho X/Y coordinates",77.14537000208709
Kin2,47,BP091-092,91,92,46.0350763548372,756.3947953886122,801.7944835119081,802.0074245219022,795.5722396606402,779.2011099552572,798.6833615862741,"minimum-bottleneck, minimum-total-distance perfect matching on official NeuroTycho X/Y coordinates",77.14537000208709
Kin2,48,BP093-094,93,94,44.702135708570246,845.5992409720718,790.2833323870625,890.0571200007217,785.6166494986117,867.8281804863968,787.9499909428371,"minimum-bottleneck, minimum-total-distance perfect matching on official NeuroTycho X/Y coordinates",77.14537000208709
Kin2,49,BP095-109,95,109,47.445788729634465,403.0412633686945,922.8171264190682,359.16075939236487,940.861633587745,381.1010113805297,931.8393800034066,"minimum-bottleneck, minimum-total-distance perfect matching on official NeuroTycho X/Y coordinates",77.14537000208709
Kin2,50,BP096-097,96,97,42.77464793890662,445.76701724038395,911.3059752942225,487.04933348127304,900.1059363619405,466.4081753608285,905.7059558280815,"minimum-bottleneck, minimum-total-distance perfect matching on official NeuroTycho X/Y coordinates",77.14537000208709
Kin2,51,BP098-113,98,113,61.0217094503583,535.5488378761636,898.5503753991236,533.2393376668831,959.5283651415485,534.3940877715233,929.0393702703361,"minimum-bottleneck, minimum-total-distance perfect matching on official NeuroTycho X/Y coordinates",77.14537000208709
Kin2,52,BP099-100,99,100,37.46560509980601,581.7388420617739,886.7281120817146,615.2265950963413,869.9280536832913,598.4827185790575,878.3280828825029,"minimum-bottleneck, minimum-total-distance perfect matching on official NeuroTycho X/Y coordinates",77.14537000208709
Kin2,53,BP103-104,103,104,47.37030218093649,766.2101712780544,854.3724440551216,813.554925568305,855.9280050179386,789.8825484231797,855.1502245365301,"minimum-bottleneck, minimum-total-distance perfect matching on official NeuroTycho X/Y coordinates",77.14537000208709
Kin2,54,BP105-106,105,106,51.43846438738879,865.8073678032763,850.9502099369244,916.9050599336076,845.0390782782197,891.356213868442,847.994644107572,"minimum-bottleneck, minimum-total-distance perfect matching on official NeuroTycho X/Y coordinates",77.14537000208709
Kin2,55,BP107-108,107,108,40.9053771740339,279.48300217218735,950.1949993646468,320.1879433607564,946.1505408613227,299.83547276647187,948.1727701129848,"minimum-bottleneck, minimum-total-distance perfect matching on official NeuroTycho X/Y coordinates",77.14537000208709
Kin2,56,BP110-124,110,124,37.323768134906366,407.94895131341565,985.6617893168735,370.7082604387674,988.1506868573808,389.3286058760915,986.9062380871271,"minimum-bottleneck, minimum-total-distance perfect matching on official NeuroTycho X/Y coordinates",77.14537000208709
Kin2,57,BP111-112,111,112,39.1331480424536,445.76701724038395,973.5284138069013,484.45114574583243,967.6172821481969,465.1090814931082,970.5728479775491,"minimum-bottleneck, minimum-total-distance perfect matching on official NeuroTycho X/Y coordinates",77.14537000208709
Kin2,58,BP114-115,114,115,46.28036677207357,583.7596547448943,951.4394481349004,629.6609714043444,945.528316476196,606.7103130746193,948.4838823055481,"minimum-bottleneck, minimum-total-distance perfect matching on official NeuroTycho X/Y coordinates",77.14537000208709
Kin2,59,BP116-117,116,117,48.60001089574468,671.8093502237135,938.6838482398011,719.7314795662841,930.594931233153,695.7704148949988,934.6393897364771,"minimum-bottleneck, minimum-total-distance perfect matching on official NeuroTycho X/Y coordinates",77.14537000208709
Kin2,60,BP118-119,118,119,50.96972232072484,774.2934220105362,928.7282580777727,825.1024266147074,924.6837995744486,799.6979243126218,926.7060288261107,"minimum-bottleneck, minimum-total-distance perfect matching on official NeuroTycho X/Y coordinates",77.14537000208709
Kin2,61,BP120-121,120,121,52.119516484217236,876.4888062711985,925.3060239595753,927.8751859276902,916.5948825678003,902.1819960994444,920.9504532636878,"minimum-bottleneck, minimum-total-distance perfect matching on official NeuroTycho X/Y coordinates",77.14537000208709
Kin2,62,BP122-123,122,123,35.569906714730465,300.26850405571184,998.4173892119728,335.48838224723966,993.4395941309584,317.8784431514757,995.9284916714656,"minimum-bottleneck, minimum-total-distance perfect matching on official NeuroTycho X/Y coordinates",77.14537000208709
Kin2,63,BP125-128,125,128,39.804988172928255,396.11276274085304,1032.3286182013826,360.02682197084505,1049.1286765998059,378.069792355849,1040.7286474005941,"minimum-bottleneck, minimum-total-distance perfect matching on official NeuroTycho X/Y coordinates",77.14537000208709
Kin2,64,BP126-127,126,127,35.451339388112885,290.16444064010966,1056.284257028764,325.3843188316374,1052.2397985254397,307.77437973587354,1054.2620277771018,"minimum-bottleneck, minimum-total-distance perfect matching on official NeuroTycho X/Y coordinates",77.14537000208709
Su,1,BP001-009,1,9,56.51371949322068,75.38092117702251,855.3057806328118,131.67498877823482,850.3279855517975,103.52795497762867,852.8168830923046,"minimum-bottleneck, minimum-total-distance perfect matching on official NeuroTycho X/Y coordinates",56.61763780924511
Su,2,BP002-003,2,3,44.88615413719007,83.75285943566428,810.505624903683,107.71392410694943,772.5499374109492,95.73339177130686,791.5277811573161,"minimum-bottleneck, minimum-total-distance perfect matching on official NeuroTycho X/Y coordinates",56.61763780924511
Su,3,BP004-005,4,5,52.45110949884525,139.1808644583965,742.3720547323001,180.46318069928554,710.0163867057072,159.82202257884103,726.1942207190036,"minimum-bottleneck, minimum-total-distance perfect matching on official NeuroTycho X/Y coordinates",56.61763780924511
Su,4,BP006-007,6,7,56.19840764970887,230.4061227249765,677.3496064865507,280.63775227682754,652.149518888916,255.52193750090203,664.7495626877333,"minimum-bottleneck, minimum-total-distance perfect matching on official NeuroTycho X/Y coordinates",56.61763780924511
Su,5,BP008-014,8,14,43.02322378764217,330.5806943025186,635.660572683056,322.78613109619675,677.9718308716775,326.6834126993577,656.8162017773668,"minimum-bottleneck, minimum-total-distance perfect matching on official NeuroTycho X/Y coordinates",56.61763780924511
Su,6,BP010-011,10,11,56.61763780924511,143.22248982463748,805.8389420152323,187.10299380096706,770.0610398704421,165.16274181280227,787.9499909428372,"minimum-bottleneck, minimum-total-distance perfect matching on official NeuroTycho X/Y coordinates",56.61763780924511
Su,7,BP012-019,12,19,44.402372463939564,225.2097472540956,728.9942304520741,253.50112481778166,763.2165716340473,239.35543603593862,746.1054010430607,"minimum-bottleneck, minimum-total-distance perfect matching on official NeuroTycho X/Y coordinates",56.61763780924511
Su,8,BP013-020,13,20,42.27948537354057,279.48300217218735,700.9941331213687,304.31012942195275,735.216474303342,291.89656579707,718.1053037123554,"minimum-bottleneck, minimum-total-distance perfect matching on official NeuroTycho X/Y coordinates",56.61763780924511
Su,9,BP015-016,15,16,52.02879799641075,384.27657416829044,662.4162212435078,435.08557877246153,651.2161823112257,409.68107647037596,656.8162017773668,"minimum-bottleneck, minimum-total-distance perfect matching on official NeuroTycho X/Y coordinates",56.61763780924511
Su,10,BP017-018,17,18,46.21459461358617,204.42424537057087,850.3279855517975,217.99255910009396,806.1500542077956,211.20840223533241,828.2390198797966,"minimum-bottleneck, minimum-total-distance perfect matching on official NeuroTycho X/Y coordinates",56.61763780924511
Su,11,BP021-028,21,28,34.887591019147635,356.56257165692426,715.6164061718482,354.8304464999638,750.4609717389483,355.696509078444,733.0386889553982,"minimum-bottleneck, minimum-total-distance perfect matching on official NeuroTycho X/Y coordinates",56.61763780924511
Su,12,BP022-029,22,29,32.609629460974624,401.8865132640542,697.8830111957348,420.07382741213837,724.9497719487499,410.9801703380963,711.4163915722423,"minimum-bottleneck, minimum-total-distance perfect matching on official NeuroTycho X/Y coordinates",56.61763780924511
Su,13,BP023-031,23,31,43.59292663060862,461.64483117918746,677.3496064865507,505.2366476293569,677.0384942939875,483.4407394042722,677.194050390269,"minimum-bottleneck, minimum-total-distance perfect matching on official NeuroTycho X/Y coordinates",56.61763780924511
Su,14,BP024-032,24,32,43.39528779282148,499.75158463231566,642.1939287268873,538.1470256116042,662.4162212435078,518.9493051219599,652.3050749851975,"minimum-bottleneck, minimum-total-distance perfect matching on official NeuroTycho X/Y coordinates",56.61763780924511
Su,15,BP025-033,25,33,32.903556139746925,565.8610281229703,623.2160849805205,594.1524056866566,640.0161433789435,580.0067169048134,631.616114179732,"minimum-bottleneck, minimum-total-distance perfect matching on official NeuroTycho X/Y coordinates",56.61763780924511
Su,16,BP026-027,26,27,52.65389031772726,269.37893875658506,825.1278979541627,301.13456663419214,783.1277519581046,285.2567526953886,804.1278249561336,"minimum-bottleneck, minimum-total-distance perfect matching on official NeuroTycho X/Y coordinates",56.61763780924511
Su,17,BP030-040,30,40,35.7655967112655,472.3262696471098,710.6386110908338,482.719020588872,744.8609522728071,477.5226451179909,727.7497816818204,"minimum-bottleneck, minimum-total-distance perfect matching on official NeuroTycho X/Y coordinates",56.61763780924511
Su,18,BP034-035,34,35,53.57316146602882,651.023848340189,643.1272653045776,703.2762905751606,631.3050019871686,677.1500694576748,637.216133645873,"minimum-bottleneck, minimum-total-distance perfect matching on official NeuroTycho X/Y coordinates",56.61763780924511
Su,19,BP036-047,36,47,45.35732427037773,290.7418156924297,864.9502586022769,322.2087560438768,897.6170388214333,306.47528586815326,881.2836487118551,"minimum-bottleneck, minimum-total-distance perfect matching on official NeuroTycho X/Y coordinates",56.61763780924511
Su,20,BP037-048,37,48,47.191968487545154,333.75625709027935,827.3056833021064,358.58338434004474,867.4391561427841,346.169820715162,847.3724197224453,"minimum-bottleneck, minimum-total-distance perfect matching on official NeuroTycho X/Y coordinates",56.61763780924511
Su,21,BP038-049,38,49,53.32452162567435,373.3064481742079,786.8610982688652,405.35076357797504,829.4834686500501,389.3286058760915,808.1722834594577,"minimum-bottleneck, minimum-total-distance perfect matching on official NeuroTycho X/Y coordinates",56.61763780924511
Su,22,BP039-050,39,50,44.02358516274749,437.10639145558207,757.6165521679063,451.25208023742505,799.305585971401,444.17923584650356,778.4610690696536,"minimum-bottleneck, minimum-total-distance perfect matching on official NeuroTycho X/Y coordinates",56.61763780924511
Su,23,BP041-042,41,42,44.76590908827049,527.1768996175219,713.7497330164679,569.0365909107311,697.8830111957348,548.1067452641265,705.8163721061013,"minimum-bottleneck, minimum-total-distance perfect matching on official NeuroTycho X/Y coordinates",56.61763780924511
Su,24,BP043-044,43,44,50.24013255682953,614.360532517861,691.3496551519034,663.7260994912318,682.0162893750017,639.0433160045463,686.6829722634526,"minimum-bottleneck, minimum-total-distance perfect matching on official NeuroTycho X/Y coordinates",56.61763780924511
Su,25,BP045-046,45,46,38.351736971152484,746.0020444468499,658.9939871253105,782.954047795338,669.2606894799026,764.4780461210939,664.1273383026065,"minimum-bottleneck, minimum-total-distance perfect matching on official NeuroTycho X/Y coordinates",56.61763780924511
Su,26,BP051-060,51,60,43.548186292407635,508.12352289095753,780.0166300324706,532.9506501407232,815.7945321772609,520.5370865158403,797.9055811048657,"minimum-bottleneck, minimum-total-distance perfect matching on official NeuroTycho X/Y coordinates",56.61763780924511
Su,27,BP052-061,52,61,36.969447659344794,558.0664649166487,756.3721033976527,572.789528750812,790.2833323870625,565.4279968337303,773.3277178923577,"minimum-bottleneck, minimum-total-distance perfect matching on official NeuroTycho X/Y coordinates",56.61763780924511
Su,28,BP053-054,53,54,42.38700446022349,596.173218369777,745.1720644653706,636.8781595583459,733.3498011479617,616.5256889640615,739.2609328066661,"minimum-bottleneck, minimum-total-distance perfect matching on official NeuroTycho X/Y coordinates",56.61763780924511
Su,29,BP055-064,55,64,52.9059123953094,690.5740394241177,712.5052842462142,734.4545434004475,742.0609425397365,712.5142914122825,727.2831133929753,"minimum-bottleneck, minimum-total-distance perfect matching on official NeuroTycho X/Y coordinates",56.61763780924511
Su,30,BP056-065,56,65,40.73287525954812,359.738134444685,947.0838774390129,321.05400593923645,934.3282775439138,340.3960701919607,940.7060774914634,"minimum-bottleneck, minimum-total-distance perfect matching on official NeuroTycho X/Y coordinates",56.61763780924511
Su,31,BP057-066,57,66,24.82081583560645,398.42226295013353,914.7282094124199,373.883823226528,918.4615557231807,386.1530430883308,916.5948825678004,"minimum-bottleneck, minimum-total-distance perfect matching on official NeuroTycho X/Y coordinates",56.61763780924511
Su,32,BP058-059,58,59,51.772220481173896,438.8385166125423,878.6391950750664,479.25477027495134,846.2835270484734,459.0466434437468,862.4613610617698,"minimum-bottleneck, minimum-total-distance perfect matching on official NeuroTycho X/Y coordinates",56.61763780924511
Su,33,BP062-063,62,63,44.67072871369947,617.2474077794616,780.327742225034,661.7052868081114,784.6833129209214,639.4763472937865,782.5055275729776,"minimum-bottleneck, minimum-total-distance perfect matching on official NeuroTycho X/Y coordinates",56.61763780924511
Su,34,BP067-076,67,76,44.464897350356615,431.62132845854075,915.3504337975467,450.0973301327849,955.7950188307879,440.85932929566286,935.5727263141673,"minimum-bottleneck, minimum-total-distance perfect matching on official NeuroTycho X/Y coordinates",56.61763780924511
Su,35,BP068-069,68,69,48.932460099222354,484.16245821967243,895.4392534734895,531.7959000360828,884.2392145412074,507.9791791278776,889.8392340073485,"minimum-bottleneck, minimum-total-distance perfect matching on official NeuroTycho X/Y coordinates",56.61763780924511
Su,36,BP070-071,70,71,50.21251326719736,586.0691549541748,868.3724927204744,635.7234094537057,860.9058000989528,610.8962822039402,864.6391464097136,"minimum-bottleneck, minimum-total-distance perfect matching on official NeuroTycho X/Y coordinates",56.61763780924511
Su,37,BP072-073,72,73,46.11408503890412,692.3061645810783,848.4613123964172,734.7432309266076,830.4168052277404,713.5246977538429,839.4390588120788,"minimum-bottleneck, minimum-total-distance perfect matching on official NeuroTycho X/Y coordinates",56.61763780924511
Su,38,BP074-109,74,109,38.069444715154425,341.83950782276094,989.0840234350709,363.7797598109259,1020.1952426914103,352.8096338168434,1004.6396330632406,"minimum-bottleneck, minimum-total-distance perfect matching on official NeuroTycho X/Y coordinates",56.61763780924511
Su,39,BP075-095,75,95,23.589176750609806,394.09195005773245,970.7284040738307,397.55620037165323,994.0618185160852,395.8240752146928,982.3951112949579,"minimum-bottleneck, minimum-total-distance perfect matching on official NeuroTycho X/Y coordinates",56.61763780924511
Su,40,BP077-097,77,97,32.06535523589913,502.6384598939165,953.3061212902807,501.4837097892763,985.3506771243102,502.0610848415964,969.3283992072954,"minimum-bottleneck, minimum-total-distance perfect matching on official NeuroTycho X/Y coordinates",56.61763780924511
Su,41,BP078-098,78,98,42.97185985305083,545.3642137656059,935.5727263141672,552.8700894457673,977.8839845027888,549.1171516056866,956.728355408478,"minimum-bottleneck, minimum-total-distance perfect matching on official NeuroTycho X/Y coordinates",56.61763780924511
Su,42,BP079-080,79,80,44.28025190930221,598.4827185790576,927.1726971149558,642.074535029227,919.3948923008709,620.2786268041423,923.2837947079133,"minimum-bottleneck, minimum-total-distance perfect matching on official NeuroTycho X/Y coordinates",56.61763780924511
Su,43,BP081-082,81,82,40.97583694197303,693.1722271595584,908.8170777537155,731.5676681388467,894.5059168957994,712.3699476492025,901.6614973247574,"minimum-bottleneck, minimum-total-distance perfect matching on official NeuroTycho X/Y coordinates",56.61763780924511
Su,44,BP083-084,83,84,29.879438919769303,764.7667336472541,762.5943472489205,791.3259860539798,748.9054107761312,778.0463598506169,755.7498790125259,"minimum-bottleneck, minimum-total-distance perfect matching on official NeuroTycho X/Y coordinates",56.61763780924511
Su,45,BP085-086,85,86,34.544410443124015,812.9775505159847,732.7275767628348,839.5368029227106,710.6386110908338,826.2571767193476,721.6830939268343,"minimum-bottleneck, minimum-total-distance perfect matching on official NeuroTycho X/Y coordinates",56.61763780924511
Su,46,BP087-088,87,88,42.02502149174923,770.2517966442953,812.9945224441902,810.090675254384,799.6166981639644,790.1712359493397,806.3056103040774,"minimum-bottleneck, minimum-total-distance perfect matching on official NeuroTycho X/Y coordinates",56.61763780924511
Su,47,BP089-090,89,90,35.781353368490535,846.7539910767122,780.6388544175973,878.5096189543192,764.1499082117375,862.6318050155157,772.3943813146674,"minimum-bottleneck, minimum-total-distance perfect matching on official NeuroTycho X/Y coordinates",56.61763780924511
Su,48,BP091-092,91,92,40.54647925059966,776.8916097459767,876.4614097271226,814.7096756729451,861.8391366766431,795.8006427094608,869.1502732018828,"minimum-bottleneck, minimum-total-distance perfect matching on official NeuroTycho X/Y coordinates",56.61763780924511
Su,49,BP093-094,93,94,50.41159011458243,855.9919919138342,840.9946197748957,894.3874328931225,808.3278395557395,875.1897124034783,824.6612296653176,"minimum-bottleneck, minimum-total-distance perfect matching on official NeuroTycho X/Y coordinates",56.61763780924511
Su,50,BP096-111,96,111,40.8552080725796,452.1181428159054,990.0173600127612,462.5108937576676,1029.528608468312,457.3145182867865,1009.7729842405366,"minimum-bottleneck, minimum-total-distance perfect matching on official NeuroTycho X/Y coordinates",56.61763780924511
Su,51,BP099-100,99,100,37.944887154558806,595.884530843617,971.0395162663942,633.4139092444251,965.4394968002532,614.649220044021,968.2395065333237,"minimum-bottleneck, minimum-total-distance perfect matching on official NeuroTycho X/Y coordinates",56.61763780924511
Su,52,BP101-102,101,102,53.25837305929972,680.7586635346756,955.7950188307879,733.299793295807,947.0838774390129,707.0292284152413,951.4394481349004,"minimum-bottleneck, minimum-total-distance perfect matching on official NeuroTycho X/Y coordinates",56.61763780924511
Su,53,BP103-104,103,104,41.930706070704545,777.468984798297,936.5060628918574,816.1531133037455,920.328228878561,796.8110490510212,928.4171458852093,"minimum-bottleneck, minimum-total-distance perfect matching on official NeuroTycho X/Y coordinates",56.61763780924511
Su,54,BP105-106,105,106,53.622740233861364,862.0544299631955,898.2392632065602,903.3367462040846,864.0169220245867,882.6955880836401,881.1280926155735,"minimum-bottleneck, minimum-total-distance perfect matching on official NeuroTycho X/Y coordinates",56.61763780924511
Su,55,BP107-108,107,108,27.966424318539424,304.31012942195275,995.3062672863388,321.05400593923645,1017.7063451509032,312.6820676805946,1006.5063062186209,"minimum-bottleneck, minimum-total-distance perfect matching on official NeuroTycho X/Y coordinates",56.61763780924511
Su,56,BP110-125,110,125,48.141634348438465,419.207764833658,1035.1286279344533,432.1987035108608,1081.4843446263988,425.7032341722594,1058.306486280426,"minimum-bottleneck, minimum-total-distance perfect matching on official NeuroTycho X/Y coordinates",56.61763780924511
Su,57,BP112-113,112,113,41.088349385026554,509.27827299559794,1033.2619547790728,549.9832141841669,1027.6619353129317,529.6307435898824,1030.4619450460023,"minimum-bottleneck, minimum-total-distance perfect matching on official NeuroTycho X/Y coordinates",56.61763780924511
Su,58,BP114-115,114,115,48.1488152492605,603.1017189976185,1021.7508036542273,651.023848340189,1017.0841207657764,627.0627836689038,1019.4174622100019,"minimum-bottleneck, minimum-total-distance perfect matching on official NeuroTycho X/Y coordinates",56.61763780924511
Su,59,BP116-117,116,117,45.08053356417098,687.9758516886773,1009.3063159516917,732.4337307173271,1001.8396233301701,710.2047912030022,1005.5729696409309,"minimum-bottleneck, minimum-total-distance perfect matching on official NeuroTycho X/Y coordinates",56.61763780924511
Su,60,BP118-119,118,119,42.023566725388974,774.0047344843761,995.9284916714656,814.420988146785,984.41734054662,794.2128613155805,990.1729161090428,"minimum-bottleneck, minimum-total-distance perfect matching on official NeuroTycho X/Y coordinates",56.61763780924511
Su,61,BP120-121,120,121,52.87072155897102,864.6526176986362,961.7061504894923,911.1313094104063,936.5060628918574,887.8919635545212,949.1061066906748,"minimum-bottleneck, minimum-total-distance perfect matching on official NeuroTycho X/Y coordinates",56.61763780924511
Su,62,BP122-123,122,123,29.55454470022817,314.7028803637151,1050.3731253700594,342.41688287508106,1060.6398277246515,328.5598816193981,1055.5064765473553,"minimum-bottleneck, minimum-total-distance perfect matching on official NeuroTycho X/Y coordinates",56.61763780924511
Su,63,BP124-128,124,128,41.44110309930827,379.3688862235694,1059.7064911469613,386.8747619037308,1100.462188372766,383.12182406365014,1080.0843397598637,"minimum-bottleneck, minimum-total-distance perfect matching on official NeuroTycho X/Y coordinates",56.61763780924511
Su,64,BP126-127,126,127,41.60009764542703,306.0422545789132,1110.106666342231,347.61325834596244,1108.5511053794141,326.82775646243783,1109.3288858608225,"minimum-bottleneck, minimum-total-distance perfect matching on official NeuroTycho X/Y coordinates",56.61763780924511
