day,date,animal,fold,k,Q_deep_anesthesia_over_heldout,Q_recovery_eyes_closed_over_heldout,Q_recovery_eyes_open_over_heldout,Cspec_deep_anesthesia_over_heldout,Cspec_recovery_eyes_closed_over_heldout,Cspec_recovery_eyes_open_over_heldout,Aspec_deep_anesthesia_over_heldout,Aspec_recovery_eyes_closed_over_heldout,Aspec_recovery_eyes_open_over_heldout,Deff_frac_deep_anesthesia_over_heldout,Deff_frac_recovery_eyes_closed_over_heldout,Deff_frac_recovery_eyes_open_over_heldout,Gpair_deep_anesthesia_over_heldout,Gpair_recovery_eyes_closed_over_heldout,Gpair_recovery_eyes_open_over_heldout,Oorg_deep_anesthesia_over_heldout,Oorg_recovery_eyes_closed_over_heldout,Oorg_recovery_eyes_open_over_heldout,top_share_deep_anesthesia_over_heldout,top_share_recovery_eyes_closed_over_heldout,top_share_recovery_eyes_open_over_heldout,WMI_deep_anesthesia_over_heldout,WMI_recovery_eyes_closed_over_heldout,WMI_recovery_eyes_open_over_heldout
20110112_george,20110112,George,EC_to_EO,3,2.809019167857836,0.8902546044363815,0.6329479429489516,3.047230101838462,0.9118999007610636,0.6670655281813822,0.9218270606355234,0.9762635171836112,0.948854222274916,0.8551385457527431,1.027602071146728,1.0796524422212308,0.7835443857759571,1.5227156574333425,1.678618384163524,0.6700390065851782,1.5647457633460546,1.8123244380196049,1.2178985943050864,0.9170825715202964,0.8046019687217755,1.88215241271019,1.3930221205911522,1.1471070250006237
20110112_george,20110112,George,EC_to_EO,4,2.697842390817312,0.9002210073291605,0.7104390104751516,2.8840958816590123,0.9084279139588926,0.719261288396895,0.9354204927699692,0.9909658141239116,0.9877342517050978,0.8373664393477994,1.0560210319314467,1.098946657957594,0.7401785010990829,1.4194451453082746,1.532292391500956,0.6198006359471302,1.4989639271185262,1.6839076026538249,1.2923414628992025,0.9147667561458098,0.7714405685380832,1.6721244295137,1.3493988164207174,1.1963136509609706
20110112_george,20110112,George,EC_to_EO,5,2.8675499035977463,1.0647207417862168,0.8095291481715904,2.967233105613001,1.0692696618356217,0.8247736367929098,0.966405335048774,0.9957457690872894,0.9815167605494804,0.8880859682314399,1.083215081404281,1.1364342135055052,0.7467027612233558,1.2963656740368934,1.4301980998919388,0.6631362446821336,1.404242849131589,1.6253260528077638,1.235905667098463,0.7796793745436704,0.7077046254182632,1.9015762745104277,1.4951264879753805,1.3157488150305634
20110112_george,20110112,George,EO_to_EC,3,1.2569775330111603,0.5943801441397665,0.3428719125135045,0.9772292990848396,0.7214836101519788,0.4099387567943199,1.2862667279709077,0.8238304180112446,0.8363978931748944,1.3828114658145196,1.4403328266739477,1.1632237386523765,1.4304943195704258,1.5628228046540562,1.6655230273983777,1.9781039468845247,2.250984987817884,1.9373759227419656,0.7855541968576858,0.7077166458578878,0.8578914429460928,2.486432219194583,1.3379407815156674,0.6642717878881779
20110112_george,20110112,George,EO_to_EC,4,1.899269851890011,0.6730214850790875,0.3782889426963854,1.7859210695216818,0.7382460744009391,0.3777990548024132,1.0634679686032749,0.9116492568216106,1.0012966890407615,0.95945901722816,1.3299264992321578,1.1446511732178584,0.72865377397598,1.4749463105771163,1.3279227487053424,0.6991134338785833,1.961570183381212,1.5200083322482538,1.4232727740633688,0.9645150817648416,1.0472853987346864,1.3278050680169249,1.3201788779061103,0.5750023448959157
20110112_george,20110112,George,EO_to_EC,5,1.753921716490597,0.6462084365003075,0.4138185698097003,1.6765117252145223,0.7326009157156499,0.436700558809859,1.046173247769066,0.8820742953468071,0.947602565330992,0.9206744594673636,1.2565519985336984,1.1061926185143804,0.6381340397408258,1.336065299544513,1.275279955600963,0.5875137121061098,1.6788355223141824,1.4107052734251322,1.5284334345744193,1.004544642131825,1.0616243928530644,1.0304530583989304,1.0848776780158436,0.5837760386718167
20110112_george,20110112,George,even_to_odd,3,2.032295222800353,0.6440896524931236,0.4579310442076578,2.221770762216833,0.6648767798523031,0.4863652029762899,0.9147186817656088,0.9687353687343432,0.9415374319654644,0.8484588959279906,1.0195752759232612,1.0712190716495318,0.9159134006438584,1.741586501091509,1.850217135404139,0.7771148726759393,1.7756785373946025,1.9819878821376775,1.2530915371047724,0.9435829999081938,0.8278521072753035,1.5793268433064152,1.1436961720899903,0.9076137804742298
20110112_george,20110112,George,even_to_odd,4,2.0892454220960843,0.7519417997474064,0.5203540673312624,2.257679524999469,0.7972033054633969,0.5640522430919853,0.9253950345749696,0.943224638676478,0.922528141150222,0.8733678027694615,1.055086771791809,1.0960097748854336,0.9232152549313511,1.6860241051153693,1.726959154029341,0.8063064786826425,1.7789017302293493,1.892764113644037,1.2429562012996844,0.8149361945643255,0.7373651577620499,1.6845721193941274,1.3376305686024352,0.9849075050333258
20110112_george,20110112,George,even_to_odd,5,2.065332396864014,0.7668575318829496,0.5830576039241099,2.1835010985499586,0.7868446455546964,0.6069270859056138,0.9458810889701776,0.9745983990808548,0.9606715822446982,0.8595894709846891,1.048457370226446,1.0999688311047853,0.9122335777372242,1.6284857502256849,1.7756661166287562,0.7841463785016106,1.7073978871328628,1.953177382740506,1.3099233144139613,0.8263739035036577,0.7500886299278747,1.61952291940297,1.3093309296688729,1.1388149248194437
20110112_george,20110112,George,odd_to_even,3,2.044848499840036,0.6480681275470568,0.4607596368247721,2.1347743395843013,0.6388426352311568,0.4673209192583494,0.9578757163805066,1.0144409464978208,0.9859597930176328,0.7848059347907745,0.9430848463617592,0.9908542286802392,0.7243710678890627,1.2242377511608362,1.2072791760017558,0.5684907130700675,1.154560071463783,1.1962376767389349,1.6173611073723977,1.2178794608694936,1.0685059800634564,1.162477381794321,0.7482335836541334,0.5511780374903411
20110112_george,20110112,George,odd_to_even,4,2.307881991035948,0.7878423823580788,0.4653991379914508,2.1354762218732724,0.963147764852606,0.5091149019168566,1.0807341085781037,0.8179870328398107,0.9141337962004008,0.956714159087204,1.2010837562428744,1.0390521279933786,0.738198010556245,1.1955528862060274,1.199190968921268,0.7062444889091648,1.4359591513513452,1.246021928128085,1.4277365586195394,0.9950125967468144,1.0439973004516707,1.6299289372218435,1.131309478769524,0.5798975312692699
20110112_george,20110112,George,odd_to_even,5,2.304994255990528,0.867857343918983,0.5224713888175667,2.1473320564271385,1.0583166831924185,0.5887213213946825,1.07342236571726,0.8200355883090554,0.8874680936981025,0.9553655244473428,1.1786023715656653,1.053426813718596,0.715816085910785,1.0806844497915118,1.204912007511679,0.6838660103240014,1.2736972554384118,1.269286616884305,1.4060181115276291,0.878487515587122,0.9069458179900004,1.5763072256639836,1.1053875170616807,0.6631659415311095
20110113_george,20110113,George,EC_to_EO,3,1.2796744677360694,0.8481076738041168,0.3404475995447133,1.384776695537698,0.8351184601298005,0.353862071224362,0.9241016778081912,1.0155537379359296,0.9620912418411088,1.1129189616205462,0.9247411367280488,1.162621675690589,1.3261602444742766,1.5997869664538795,1.659947495565361,1.4759088822227626,1.4793888178812775,1.9298909388525969,0.8369529208218965,1.1054809614279055,0.8005048192552815,1.8886829132853404,1.254681008985112,0.6570267375154574
20110113_george,20110113,George,EC_to_EO,4,1.2888723269657651,0.8708863401330618,0.3237317264263751,1.2437562898901162,0.7580665037983257,0.3037450921460421,1.036274017218948,1.1488257768539398,1.065800682207314,1.114718143924759,0.931980855417916,1.0385197048830168,1.3321860170652635,1.5947281672965972,1.654223909863677,1.4850119243055082,1.486256121516128,1.7179441266820554,0.8225399208521839,1.018068906779776,0.9368452627297076,1.9139907744515356,1.2943601541675356,0.5561530180348302
20110113_george,20110113,George,EC_to_EO,5,1.4730380900878448,1.0365516275615267,0.3954390637773759,1.4377484218674044,1.0139984181954425,0.3716254987093147,1.0245450926488269,1.0222418585289523,1.0640794701945036,1.206155092145025,1.0225645863638524,1.1676024099210622,1.544116350113482,1.6199798927363669,1.9779115380150625,1.862443798553767,1.6565340689337211,2.3094142783970617,0.7981444624849298,0.9526828612650208,0.8465367759712159,2.7434506559175795,1.717083085264366,0.913232620123438
20110113_george,20110113,George,EO_to_EC,3,1.5162901872552454,1.0126570343153936,0.3089220178598384,1.48873033263232,0.9087662213816944,0.2787713410629934,1.0185123215526857,1.1143207246146791,1.1081555825712803,1.0110516685461362,0.8136949657998633,0.8365907819605514,0.937575910796148,1.1855578142416143,0.7570288427387013,0.9479376889991084,0.964682425113091,0.6333233515134613,1.043141275213452,1.3301626709672307,1.3715704838568976,1.437348615958754,0.9768924436712026,0.1956475277072937
20110113_george,20110113,George,EO_to_EC,4,1.448404378641291,0.978681566790378,0.3638020929232977,1.450037476232089,0.8837943967953096,0.3541222427685109,0.9988737549080168,1.107363398477219,1.0273347702734237,0.993935446534356,0.8309982328176783,0.9259933125097686,0.8464408723662333,1.0548600829797952,0.8240071445227026,0.841307586440262,0.8765868648261191,0.7630251052882933,1.0327018441011215,1.2781891927679754,1.176212614040689,1.2185535919842068,0.8578994062958912,0.2775901302568999
20110113_george,20110113,George,EO_to_EC,5,1.2746165609188005,0.8447989156971222,0.3158283514880299,1.2228149479029284,0.7145188447380638,0.3019069037140078,1.0423625938697507,1.1823325891520995,1.046111723855145,1.006651100433314,0.8288007800476497,0.9951601237189436,1.0679522189531443,1.3895303949022948,1.1823140921258155,1.075055276419382,1.1516438751949405,1.176591838194577,1.1446511144199194,1.40498015913179,1.1266802150556674,1.3702832592272778,0.9729074970339172,0.3716010606312642
20110113_george,20110113,George,even_to_odd,3,2.9331577764330348,1.9589145138758368,0.5975881309613977,3.0341362107412246,1.852128917476464,0.5681554287542145,0.9667192151918844,1.05765559588847,1.051803961939992,1.0907622411930344,0.8778460806257481,0.9025469861544316,1.179047652948559,1.2901570821586574,1.0406092355833587,1.2860606604035574,1.132559337964529,0.9391987293402272,0.8711239540298605,1.1108146067739375,1.1453941393351377,3.7722188270272734,2.21858692496432,0.561254013267745
20110113_george,20110113,George,even_to_odd,4,2.5133716250975384,1.698276058985958,0.6312945963076004,2.6110820320682584,1.5914482951925306,0.6376678123183741,0.9625785763255692,1.067126129146724,0.9900054293353736,1.0170590902621486,0.850331185617684,0.9475363005654364,0.8285073742765308,0.8602100610708805,0.9512104846945378,0.8426409563571698,0.7314634411106621,0.901306463726518,0.9448847515733404,1.169496776606933,1.076191903755756,2.1178698698531546,1.2422268500617222,0.5689899001676616
20110113_george,20110113,George,even_to_odd,5,2.665053831594714,1.875352650598359,0.7154372987186467,2.7755159968853893,1.957483512214548,0.7174082063526264,0.9602012146877794,0.9580426291696974,0.997252738933668,1.0133835363391528,0.8591350510502904,0.9809924668142548,0.8938998507111824,0.849381183532067,1.0719931322123974,0.9058633918467388,0.7297331464749783,1.0516171871769795,0.9622091619792856,1.1485141107361274,1.02054888566904,2.414174703342527,1.368506990471332,0.7523661596800002
20110113_george,20110113,George,odd_to_even,3,0.7502495542883996,0.9349351468165896,0.2844016579354744,0.8208091927589284,0.9523452941688296,0.3012544586243978,0.9140364909494232,0.9817186608062836,0.9440579211146698,1.3182935224782233,1.141781948156052,1.5407475018158447,2.0906206193650605,1.7945179903848492,2.349254449565753,2.7560516204683707,2.0489482470626963,3.619607924298192,0.7546752624071018,0.92288552970782,0.5467653044835581,2.067726499852208,1.915633730187155,1.0294224947467865
20110113_george,20110113,George,odd_to_even,4,1.1175101456292345,0.7973344831634435,0.3274450787371981,1.2433810650967252,0.8104461152761948,0.3436390803554048,0.8987672218913041,0.9838217102092184,0.9528749710264088,1.0880082043613089,0.9961954934850388,1.264004470822722,1.12270513685252,1.7016200644388642,1.4839119238222442,1.2215123999741275,1.695146239817718,1.8756713060184635,0.8949499654111062,1.1189717932842982,0.771994450257104,1.3650524999829996,1.351598551011516,0.6141793384843194
20110113_george,20110113,George,odd_to_even,5,1.1738604434932425,0.7634851447570757,0.3184385402910615,1.3192690178967008,0.7685245120308973,0.3313306288344807,0.8897809526101944,0.9934428021553868,0.9610899584237969,1.182328058500789,0.9292347546527112,1.220423664886436,1.1826599717629978,1.622824285918256,1.4584198163504007,1.3982920682811428,1.507984727169712,1.7798900572133591,0.84920448899691,1.1636860069824022,0.78893102467452,1.6413997474055786,1.151323937714628,0.5667855916975945
20110114_george,20110114,George,EC_to_EO,3,1.9117338948318707,0.4929416919597872,0.5534977254909303,1.9971480384075813,0.4815807151251168,0.5284888217439885,0.9572319417824352,1.023591012841365,1.047321537784685,0.9526555692560004,0.9125878519937152,0.8883575151894356,0.93453392608274,1.0889955544476562,1.0119483148951227,0.8902889493413978,0.9938041138640912,0.8989718905203677,1.0171624757667117,1.1093248346767866,1.0593557221364858,1.7019955606502088,0.4898874813647641,0.4975788966833062
20110114_george,20110114,George,EC_to_EO,4,1.746655070756711,0.5652275702214323,0.5698218364366755,1.6664006724826137,0.5140304740458983,0.5570576294972147,1.0481603251842988,1.099599340429304,1.0229136201778288,0.9597070014645002,0.954639623913838,0.94416962911363,0.7848023730391578,1.0368539745483631,0.9755677732614596,0.7531803321716343,0.9898218883164176,0.9211014626554822,1.0142897096085803,0.9925794049596204,0.9645121686013172,1.3155462463818124,0.5594746208850785,0.5248637269948543
20110114_george,20110114,George,EC_to_EO,5,1.565282166320329,0.5325006082801426,0.5689250622764956,1.52722062613092,0.4905073806312175,0.557885062855619,1.0249220967410806,1.085611816064593,1.019789021352116,0.9290268969326286,0.976414535840329,0.9373027020899696,0.7390722364723182,1.0084688429603852,0.9305307639237472,0.6866179864589358,0.9846836372085982,0.872188999403572,1.143451772350249,1.0503913956199251,1.0126876554626334,1.0747508892789486,0.5243446357770825,0.4962101808025521
20110114_george,20110114,George,EO_to_EC,3,1.0255051530063957,0.3793187765282301,0.3909479558478234,1.1868033882816167,0.3679963200125083,0.4041281423349911,0.8640901796642441,1.0307678525571586,0.9673861206224972,0.9886729165686358,1.104575627942804,1.1343991080221687,1.5666018941665696,1.2409950611008596,1.256450756683275,1.5488568638076112,1.3707728988894,1.4253166176552858,0.978597250734612,0.8083977045221769,0.780532900294789,1.588360695104032,0.5199598989047822,0.5572246181082675
20110114_george,20110114,George,EO_to_EC,4,2.639673708010201,0.4649082686441608,0.3924960102755842,2.3162034160064406,0.4538803134443966,0.3818265070140847,1.1396553902685638,1.0242970555741346,1.0279433278347692,0.7439053061615154,1.097871684951553,1.0728112195132575,1.410352311293943,1.27902888443448,1.071241832485337,1.0491685679287217,1.404209596455788,1.1492402567022113,1.3760648067705812,0.7906077060956895,0.8922571607212145,2.769462684032161,0.6528286523017761,0.451072215603705
20110114_george,20110114,George,EO_to_EC,5,1.1433893215171476,0.4748139915022723,0.4254031258610439,1.0984607110689515,0.4174772595354951,0.3924797580948203,1.0409014268744072,1.1373409704532718,1.0838855178826057,0.8811915310753484,1.062806399051527,1.041821588611996,1.1402155152151408,1.0523726873705077,1.0231319939272885,1.0047482556082967,1.1184684263244276,1.0659209992730858,1.2545729073890095,0.857277650483728,0.8962921512393637,1.1488184262755088,0.5310644578723673,0.4534461250116983
20110114_george,20110114,George,even_to_odd,3,1.0646656670513406,0.6209412717026431,0.5917335952059115,0.8837208765095115,0.5337169820609047,0.5485886158520579,1.2047533280604596,1.1634279825703295,1.0786472378520682,0.9440995876086046,0.9361754457322634,0.9749250695412331,1.0506752677077844,0.982297051604916,1.045923690390697,0.9919420869534796,0.9196023801277204,1.0196972265889737,1.1971307771505346,1.210418018540445,1.1120578344678202,1.0560866836826253,0.5710190713772831,0.60338910591099
20110114_george,20110114,George,even_to_odd,4,1.3875315876099288,0.5814776427077727,0.555887139315741,1.3903905263124945,0.5070160642274723,0.5202366156281384,0.9979437872680648,1.146862365384331,1.0685275173193216,0.8531722296987673,0.9765180137858416,1.003181456894403,0.7850494220056279,1.1242055257837358,1.0215784921573128,0.66978236579627,1.0978069471254015,1.0248286000943605,1.3384792193079125,1.069164253649157,0.9999776614698884,0.9293441893664348,0.6383501957626944,0.5696890387954094
20110114_george,20110114,George,even_to_odd,5,1.4494188451491845,0.6714746973759651,0.5965421634339013,1.4077517464682048,0.5850518237592433,0.5417444336761922,1.0295983285302364,1.147718321876877,1.1011505173866951,0.8855855633092091,0.9927481187509056,1.0276529273929729,0.8438465223947346,1.2140069130860038,1.0009526748674658,0.7472982978814582,1.2052030791167248,1.0286319465093778,1.3324653918474303,1.0412208196113897,0.9529962850899244,1.0831482358972953,0.8092633728264853,0.6136223267479295
20110114_george,20110114,George,odd_to_even,3,1.7779906597701425,0.5661080097109635,0.5202161536898537,1.7357976833748634,0.5880981716538449,0.5418518474578852,1.024307542750745,0.9626080083176576,0.9600708314098476,0.8006091093845196,1.0053495274642337,1.075185356918094,1.027248312276193,0.8968077016944954,1.028119925113793,0.8224243564081938,0.9016051991248462,1.1054194886380773,1.2963677597902068,0.977643375241446,0.8371161740450311,1.4622628240612423,0.5104059248216233,0.5750570745931057
20110114_george,20110114,George,odd_to_even,4,1.8270790621221564,1.1253435376410958,0.7193456372419805,1.6382335292509382,1.056037739330194,0.7639772881523843,1.115273878540116,1.0656281454059209,0.9415798720687863,0.8845214802375647,0.8696357092544427,1.1123650414375297,1.035429558710852,0.4503128039122681,0.6229692649806129,0.915859685952651,0.3916080946166019,0.6929692322544667,1.185469897343954,1.2047398729137742,0.836607804298837,1.6733480560458645,0.440693638564736,0.4984843939651752
20110114_george,20110114,George,odd_to_even,5,1.7785061250559715,0.5811808213218362,0.5503912798268331,1.761523451122946,0.5822213882855475,0.562925120611086,1.0096409014153058,0.9982127641054628,0.9777344440222407,0.868269333813856,0.956956807309895,0.9989839310729816,0.9737228219416352,0.7816096488966991,1.1919147727510415,0.8454536659266114,0.7479666741707932,1.1907037051867952,1.2596491412760455,1.03509277669629,0.8445881768598543,1.5036445233015008,0.4347038860159427,0.6553529361923118
20110513_kin2,20110513,Kin2,EC_to_EO,3,2.8317527788041543,0.6881801076497701,1.0245791048718704,2.9876326777404074,0.7208039859486843,1.018869922573468,0.9478249451153592,0.9547395978173232,1.005603445711678,0.9965283077301232,0.8546636675328073,0.984934937722738,0.779574594334321,1.010890844615501,1.0012560409006346,0.7768681512413782,0.8639716767344212,0.9861720562889816,1.091142231800561,1.2422015854431794,1.0331911894656878,2.19989854604222,0.5945681215014476,1.0104112826822191
20110513_kin2,20110513,Kin2,EC_to_EO,4,2.819165926224929,0.9977595075358454,1.018927267328282,2.887148631308723,1.0609270387934897,0.977809317605379,0.9764533407298204,0.94046006092042,1.0420510921532222,1.0027999016943574,0.9377501077033868,0.9831918347357816,0.7687226010717568,1.0035582810004,1.014953768838415,0.7708749487849884,0.941086886094751,0.9978942581562376,1.126225816365259,0.9453599983820978,1.0613639745976209,2.1732243889950285,0.9389783880183422,1.0167816695457217
20110513_kin2,20110513,Kin2,EC_to_EO,5,2.8726011311724693,0.7464725481283243,0.931392137542452,3.2148398867677668,0.8624469530574288,0.9431026279729,0.8935440744641915,0.8655286513356356,0.9875830158000742,0.858931585687077,0.9242623148637722,0.93969555981815,0.6932284337203387,0.9639540629529876,0.9894658788290864,0.5954357978187794,0.8909464136472667,0.929796692927256,1.1348857907073289,1.075618029401358,1.1371159853943795,1.7104495463548042,0.6650670396410695,0.8660053293054216
20110513_kin2,20110513,Kin2,EO_to_EC,3,3.027151065847,1.2022734844381304,0.6945868658686137,3.368864101699684,1.291227402211212,0.7081592351146562,0.8985672839458614,0.9311090226084504,0.9808342974672286,1.010069422256593,0.8779490519401738,1.1204369969512185,1.066011649500212,0.7808565820681727,1.2724718450379335,1.0767457709294763,0.6855522959279965,1.4257245327592785,0.9492667235738036,1.2517037260548705,0.7432139345556603,3.259472108115415,0.8242213475899132,0.9902895348012636
20110513_kin2,20110513,Kin2,EO_to_EC,4,3.298378712438437,0.9469922524673012,0.5846193652179313,3.478133073009177,0.9672898100963828,0.6045354995361798,0.9483187224877448,0.97901605349584,0.9670554759256836,0.9281604199815868,0.8708188324735937,1.1011332206848443,0.8956987239975565,0.8633397015679264,1.405387534446921,0.8313521038425433,0.7518124709474824,1.5475189021158708,0.954445259752156,1.2714709310796573,0.753939570552002,2.7421140818551546,0.7119605852955638,0.9047095182177308
20110513_kin2,20110513,Kin2,EO_to_EC,5,3.257067380751712,1.0036889161434484,0.6475649721058425,3.3859251845245413,1.1208654211133708,0.6790581597524669,0.9619431036569336,0.8954588992017176,0.9536222528301492,0.9516590567649972,0.9086412218181572,1.05987573943441,0.7409137902647255,0.8132735610619322,1.3397080417885558,0.7050973187875076,0.7389738821957178,1.4199240514168712,0.9387885120737371,1.2106411751154402,0.8299184760578716,2.296549477278284,0.7416998948793373,0.9194930787481824
20110513_kin2,20110513,Kin2,even_to_odd,3,2.2446983337388464,0.4835310618655796,0.5657477525365993,2.544173359705588,0.5086088568673934,0.5803447194912962,0.882289850719372,0.9506933576495856,0.9748477646742578,0.991123498699278,0.9796249993409496,0.9508659565147288,0.7760146257305103,0.9442766680046326,0.933673402389992,0.7691263308958342,0.9250370302717122,0.8877982528359211,0.919231730862236,1.0356293214150474,1.064428338645656,1.726456593396548,0.4472841375122643,0.502269866247842
20110513_kin2,20110513,Kin2,even_to_odd,4,2.914180870835108,0.5956749561824372,0.6347793391805019,3.3929030101219517,0.6251723705371268,0.6966973729477277,0.8589048558539145,0.9528171497256884,0.91112635676341,0.9831581124447414,1.0178547439183516,1.0000446050509564,0.6172444492062663,1.0193025847781112,0.9924876620768884,0.6068488875986269,1.0375019714046383,0.9925319320396292,0.954777930434764,0.8496055135318837,0.9449396684346372,1.7684674197274832,0.6180139413556511,0.630038763935664
20110513_kin2,20110513,Kin2,even_to_odd,5,2.6221417715199897,0.6425752126024732,0.6650798764700182,2.983418806771744,0.7150117399624478,0.718919626132108,0.8789050218387945,0.8986918349567534,0.9251101963208942,0.90183845573616,1.0790904541362378,1.0467569566466686,0.5691856680334784,1.069951308281732,1.0518668383044223,0.5133135238864669,1.1545742431573962,1.1010489304610906,0.9995871808864152,0.7276368678873215,0.8575297748301068,1.345980832868828,0.7419007897622059,0.7322854866585096
20110513_kin2,20110513,Kin2,odd_to_even,3,2.603919471641636,0.6841965979408904,0.6603036957840164,2.834865262362475,0.6701097867478008,0.6718665575384084,0.91853376815222,1.0210216467087525,0.9827899429958888,1.0201064864455285,1.0752350007817737,1.063954829621296,0.7327932675884142,1.14329539603834,1.176465170810507,0.7475271654905551,1.229311226053083,1.2517058003650818,0.9170119503281026,0.7184488701304875,0.819428581307467,1.9465005418019352,0.8410905586760652,0.8265059660153552
20110513_kin2,20110513,Kin2,odd_to_even,4,2.9950848057717536,0.6506139265051943,0.6244807766321371,3.365034047939204,0.6439048707103711,0.6675828667702022,0.8900607729678062,1.0104193276056783,0.9354355956638088,0.9713174751798612,1.0400887558101692,1.0001043829594904,0.774744151966188,1.1631036911634356,1.213197563095663,0.7525225335981605,1.2097310710203932,1.2133242002477458,0.9120596621973344,0.7511040651226254,0.8856517499335276,2.253868806380717,0.7870678821319137,0.7576976388772799
20110513_kin2,20110513,Kin2,odd_to_even,5,3.066210255363676,0.7616998510665326,0.6859237006682939,3.3196897971262107,0.7617107392894705,0.7357226357716736,0.9236436061038092,0.9999857055672496,0.9323128952650106,1.003554441052576,1.061004320951146,1.0072706081559677,0.6644673070330299,1.0080757538221132,1.1657767265176626,0.6668291169072426,1.0695727306513456,1.174252632293519,0.876293425469142,0.7462349381734236,0.8384233262911299,2.0446382768360944,0.8146933896419573,0.8054477110622578
20110523_su,20110523,Su,EC_to_EO,3,1.4931236087134667,0.9990870689168044,0.6197440604815558,1.4913332145288578,0.9806922314714124,0.6156036200557898,1.0012005326289026,1.0187569931269802,1.0067258220888802,0.6835362606778722,0.7522474658096737,0.8536517250549975,0.3569560666771556,0.5948926944770251,0.6368561930830209,0.2439924150427841,0.4475065218490306,0.5436533878372793,1.897697368069592,1.6180903092199423,1.339103125434561,0.3643108352473967,0.4470979792353008,0.3369259580728303
20110523_su,20110523,Su,EC_to_EO,4,1.2728136923033944,1.1920015883097366,0.7285617191223557,1.278615773131989,1.1997563532940303,0.7328282766652673,0.9954622170705888,0.993536383480694,0.9941779572667055,0.68291364107692,0.8470077705957988,0.90228417703435,0.3573407768032372,0.548882433763411,0.6460235879317943,0.2440328909919536,0.4649076865411428,0.5828968613818168,1.9563279226319,1.2939898976636677,1.2774484150753287,0.3106084050269417,0.554170700774446,0.4246763393993634
20110523_su,20110523,Su,EC_to_EO,5,2.984907565671235,0.9473724002958064,0.669166328972283,2.955878457198395,0.9254512571833026,0.6764241475164348,1.009820805859641,1.0236869775067603,0.9892703142387814,0.4989114295111033,0.8873983491392929,0.9662861426271532,0.3757348246353889,0.7905265250402402,0.9913174242474024,0.1874583984759455,0.701511933271531,0.9578962899951076,2.0971725173810896,1.1204995128790427,0.955680151934793,0.559545991859469,0.6645930440596017,0.6409919439121986
20110523_su,20110523,Su,EO_to_EC,3,1.065353777236671,0.6352823771382277,0.4617763211594928,1.0988870564272013,0.6145334863899842,0.4576972944331903,0.969484325987462,1.0337636454444992,1.0089120621334542,0.7897342958545499,0.7757016553552032,0.8344102961057491,0.7340024922786952,0.5960727316037602,0.6877919996281174,0.5796669413951999,0.4623746046171345,0.5739007260688627,1.5381565447777932,1.4461296087649511,1.315553517342673,0.6175503655546047,0.2937384379495208,0.2650137659948414
20110523_su,20110523,Su,EO_to_EC,4,1.11691927253063,0.6204174728078572,0.4565730288200529,1.1409781687616531,0.611521492467312,0.454751489094319,0.9789137979238152,1.014547289752078,1.0040055717670364,0.838680174295903,0.7605347805391492,0.811934532714154,0.7345572897929982,0.5787740082932926,0.691730377277264,0.6160586358339176,0.4401777633791029,0.5616397806388007,1.473167139719969,1.4941765728913972,1.353588997001829,0.6880877633718322,0.2730939755418778,0.2564295757520872
20110523_su,20110523,Su,EO_to_EC,5,0.975232665521821,0.5348152420650621,0.3382826287203184,0.8625808229063708,0.4736645132847035,0.3006981788370003,1.1305985939217642,1.1291013514107258,1.1249906136069137,0.8194440243139824,0.6627646275066235,0.7474088159736717,0.6460832812365026,0.5869684159763934,0.689336505146119,0.5294290840184223,0.389021903572747,0.5152161811186895,1.5877254694025964,1.6782293702754574,1.517886910345772,0.5163165368120647,0.2080548435278694,0.1742886841080736
20110523_su,20110523,Su,even_to_odd,3,1.3887754157727998,0.5625755724283821,0.3921349746246366,1.3616043654204828,0.5570833451471603,0.3848428351189689,1.0199551727670368,1.0098588969299935,1.0189483571999292,0.7919944421041036,0.6817553106578157,0.8260597705864323,0.5851008233408946,0.4792173558268455,0.5293879923784085,0.4633966001565235,0.3267089772943481,0.43730612353532,1.4973517771038,1.7104056908469538,1.4333536778137332,0.6435538060500795,0.1837984899188596,0.1714830256557209
20110523_su,20110523,Su,even_to_odd,4,1.1564513530544562,0.4597541122819678,0.3219172547659745,1.1478833523829677,0.4734093519507545,0.3262328597309425,1.0074641736494403,0.97115553460759,0.9867713970673364,0.7819448511862866,0.6742409558022192,0.7970789150712494,0.5935410930034267,0.5012980210591569,0.5485897294765627,0.4641164016415104,0.3379956568606869,0.4372693063904088,1.6806137735079605,1.9336427393250293,1.645203156186217,0.53672804065309,0.1553948931751459,0.1407645347066218
20110523_su,20110523,Su,even_to_odd,5,1.0541621380487358,0.6582710200871769,0.4380795301454783,1.0277720381270894,0.672097327093055,0.4319454160537534,1.0256769973716515,0.9794281178506103,1.0142011325129134,0.7867767036237433,0.6939173539861628,0.7901662632509698,0.6119324293349814,0.6220749556616112,0.6685175409137443,0.4814541795926459,0.4316686072137647,0.5282400072215405,1.782457473160765,1.718948026932493,1.534365607619833,0.507530767331886,0.284154934410215,0.2314111341676561
20110523_su,20110523,Su,odd_to_even,3,0.4249596466150517,0.7695323536983253,0.4892719020596106,0.4310123841459259,0.768335615884817,0.5034269504348918,0.9859569289572316,1.0015575717027383,0.9718826170052016,1.0153006540829843,0.8980104821542323,0.8958972116987487,0.6500791937224852,0.528174099556221,0.627767833888629,0.6600258305921783,0.4743058778038594,0.562415451974986,1.0227802790073135,1.0984750988194616,1.158176892242711,0.2804843437252577,0.3649937185193548,0.2751740779355169
20110523_su,20110523,Su,odd_to_even,4,0.9158664101524462,0.5849133365283083,0.3851769158992658,0.8998764365412897,0.5804303702360507,0.3920875089890495,1.0177690769108418,1.0077235212389637,0.98237487058029,0.7033189907159281,0.7669097165953183,0.8075862000295171,0.421283914366612,0.5082739264270721,0.6278476438939938,0.296296977457181,0.3898002128689755,0.5070410929298359,1.903648163718801,1.4364920570901771,1.472029981441993,0.2713684490827283,0.2279993430886372,0.1953005244089073
20110523_su,20110523,Su,odd_to_even,5,0.9720086377707272,0.7295841022319091,0.5144933089164527,0.9978824107321604,0.7231602519880775,0.514416300029568,0.9740713207456484,1.0088830245110558,1.0001497014905638,0.7443515245387573,0.77926788046428,0.8176021016523461,0.5326801948700451,0.5317063719479752,0.6273733258500296,0.3965013151431203,0.4143416974972507,0.5129417497356064,1.905579890904869,1.44827975310435,1.3670769432612755,0.3854027032065657,0.3022971153857763,0.263905098102867
20110524_kin2,20110524,Kin2,EC_to_EO,3,6.108031759722616,1.681558044162207,1.4108460707902275,6.628052398411847,1.7356011891330432,1.385198391702643,0.9215424671636828,0.968862002798102,1.0185155276249347,1.0592852719085877,1.0424828472538743,0.9741895780914268,0.9594620531547252,0.6998954698396006,0.7576467840427121,1.0163440218619746,0.729629022178475,0.7380916008888961,0.7670103275184497,0.9026107130605026,0.9238379456778384,6.207861564337157,1.2269135514984209,1.0413336349973656
20110524_kin2,20110524,Kin2,EC_to_EO,4,7.144949094840395,1.4555436571024811,1.2510704863040871,7.552487327756557,1.6168464207265234,1.2945338544260778,0.9460392033471676,0.9002361872121649,0.9664254681533532,0.959259338370306,1.0008632039072234,0.9643750380316782,0.6377955713312053,0.6418683530160971,0.7757619617789708,0.6118113577706832,0.6424224162863433,0.7481254713941242,1.2576209650686367,1.1070013613922147,1.0492424203643886,4.37136100691672,0.9350738732060362,0.9359576973135209
20110524_kin2,20110524,Kin2,EC_to_EO,5,5.338074161438035,1.3321511964410924,1.2085411375558806,5.876217691799012,1.3058000730354218,1.2020540929154917,0.9084200826814124,1.0201800596812771,1.005396632879187,0.9087351090868842,0.9470390748295644,1.0182636786498482,0.7388561863417726,0.7262955734540582,0.9643671881432428,0.67142455709481,0.6878302879367391,0.9819800805679488,1.488615040512388,1.2154814096620217,1.1011907005828092,3.584114079582797,0.9162939410233496,1.186763323626805
20110524_kin2,20110524,Kin2,EO_to_EC,3,3.4935968253654845,0.8380258968680039,0.6574361707468633,3.4952331799117164,0.9125717525478896,0.6989785201252781,0.9995318325095915,0.9183123349240708,0.9405670586687424,0.8784033741097818,1.0335420718151531,1.0659230357808247,0.8133823089960954,0.7514695276375708,1.0346120400051222,0.7144777646633753,0.7766753725004892,1.1028168065376518,1.2364401677803294,0.8974414879770282,0.8570474856830433,2.496097250422198,0.6508740756150142,0.7250316583253982
20110524_kin2,20110524,Kin2,EO_to_EC,4,3.5804843426529422,0.9208758023938858,0.7828215381846513,3.476678587720993,0.9351427764264602,0.7749097627830723,1.0298577370075488,0.9847435339370376,1.010209931248206,0.8570047024251612,0.971138751028254,1.0899620763181903,0.8105797682585595,0.7344116135221558,1.1790703797873614,0.694670673088283,0.7132155770965511,1.28514199927831,1.3142693393016922,1.0448901563723043,0.8454507165721326,2.48725746829278,0.6567829668386044,1.0060368366607455
20110524_kin2,20110524,Kin2,EO_to_EC,5,3.664040986823208,0.9065662290224884,0.7861401042085306,3.432479876233316,0.8417332045675465,0.7239711889609937,1.0674617532919082,1.077023246918542,1.0858720846844174,0.9229078179610664,0.9601381627566806,1.0224847682448606,0.8791570792622733,0.839691540315057,0.9114668662824194,0.8113809416669687,0.8062198928004259,0.9319609875336488,1.287290337325451,1.0815399140805724,0.9425338357348898,2.9729330261949904,0.7308917279789967,0.732651907857988
20110524_kin2,20110524,Kin2,even_to_odd,3,4.720606360954522,1.0883514870475115,0.8370542110402617,4.943133492513199,1.075165724281958,0.8442202350880614,0.9549825769634356,1.0122639351941392,0.9915116651438092,0.8617002229677447,0.9656429721451782,0.9830583489941512,0.5019003177579525,0.5443366462244206,0.8379140175452847,0.4324876157196095,0.5256348569076879,0.8237183706871237,1.4169050504661451,1.06285753820747,1.1051942010669231,2.041603789800046,0.5720754781594886,0.6894969308948794
20110524_kin2,20110524,Kin2,even_to_odd,4,4.785455363219728,1.1670062515089046,1.047319791636552,4.718453783314176,1.2068314163124385,1.0595508445476451,1.014199901701377,0.9670002253295472,0.988456379442258,0.8574451365180942,0.9704496378736744,0.9887064797356954,0.6136504319924958,0.6440032116807352,0.7961755623823755,0.526171578434193,0.6249726835650526,0.7871839375346661,1.444140908772787,1.065617436919446,0.9887275476185008,2.517970601991704,0.7293470287427124,0.8244333174384473
20110524_kin2,20110524,Kin2,even_to_odd,5,4.440172419402266,1.2294828349370834,1.0047731017591262,4.406816412028413,1.2124922853238806,1.0081324644719492,1.0075691847027728,1.014012913582097,0.9966677367992682,0.8302148896404058,1.0134720790929224,0.9908819950801758,0.6170557516258046,0.6453502175116068,0.8273464936216804,0.5122888727379951,0.6540444266845578,0.8198027442224387,1.515793963809931,0.9761894568941551,0.99205947372569,2.27465092349792,0.8041363958949297,0.8237157461430238
20110524_kin2,20110524,Kin2,odd_to_even,3,3.8857259375371584,0.9503365168271044,0.7321369275893189,3.715241718953702,0.9247897407249398,0.752985971366432,1.0458877864429958,1.027624415558653,0.9723115110109174,0.8657537933499536,0.9941956499340604,1.0021113424456678,0.5973761578789828,0.6462195919753545,1.002133773065092,0.5171806747405501,0.642468707244061,1.004249620636401,1.4656482679177842,1.0329291791111892,1.071117551757632,2.009622362232318,0.6105614734127335,0.7352482317854743
20110524_kin2,20110524,Kin2,odd_to_even,4,3.947519335180614,0.9889675576279224,0.8644889190042817,3.851244889950352,0.9793119029068792,0.8711482213353853,1.0249982662700798,1.009859631739778,0.9923557183863664,0.886772764013858,0.9956411317437064,0.999734929151313,0.6773820679316825,0.7145557732165805,0.9525895075297928,0.600683968673201,0.7114411187393553,0.9523370038205816,1.4404562863932502,1.0360291756568742,0.9860657145292204,2.3712115806704817,0.7035921855957356,0.8232847869606296
20110524_kin2,20110524,Kin2,odd_to_even,5,3.8026585015475,1.0229239287883298,0.8436887513077937,3.5703200881415764,0.977414717571678,0.8356092249992151,1.0650749534131716,1.046560800035543,1.009669024786779,0.8644124139619309,0.960432202574396,1.0024788811999887,0.6649070626574413,0.7663953029019884,0.9669801284160786,0.5747539190920556,0.736070728808828,0.969377157277172,1.4993796212390254,1.0805467632109116,1.002320523774306,2.1855928767331454,0.7529443617792134,0.8178526033694752
20110525_kin2,20110525,Kin2,EC_to_EO,3,3.563738986874686,1.4605055577549342,1.5603835511577495,3.697296290911577,1.5345809148175025,1.6160114081494106,0.9638770351282931,0.9517292595344332,0.9655770641771868,0.9544911967267128,0.8786098910416837,0.9319376047071428,0.8307094165632806,0.637922100889651,0.6824977493737419,0.792904825147635,0.5604846675557382,0.6360453177693809,1.101425886731919,1.1883847813081916,1.0347138730824987,2.8257058382596902,0.8185909720015804,0.9924746516382484
20110525_kin2,20110525,Kin2,EC_to_EO,4,4.080048732261329,1.4089797842673242,1.5125508354624169,4.386050895133119,1.4758130921997945,1.5648985763403822,0.930232874586262,0.9547142464816796,0.9665487964080178,0.9535711329072192,0.8809839077184981,0.9293255463277372,0.8883505960057241,0.6524958630208462,0.6729668393274052,0.8471054842519815,0.574838355174259,0.6254052756183914,1.0476031914629798,1.2345226886454184,1.0621488248492594,3.456231657113928,0.8099356216620113,0.9459572721392056
20110525_kin2,20110525,Kin2,EC_to_EO,5,5.215757078645336,1.2834579726266662,1.3987686181192698,5.330718007980667,1.4322584963834455,1.468786482733964,0.9784342504774738,0.8961077737485856,0.9523294464935677,0.8713222237582705,0.8664756088400948,0.9235132016420236,0.6906513311093537,0.6720116733326922,0.6961356956270507,0.6017798536638118,0.5822817237985954,0.6428905050458349,1.3338362929224286,1.3514553117087007,1.1351481992103762,3.1387375315331822,0.747334120724104,0.8992550633449636
20110525_kin2,20110525,Kin2,EO_to_EC,3,2.6774827884206087,0.3819858374291558,0.4653486849958138,2.6503073414562786,0.3885057485406433,0.5133886184580945,1.0102536964446536,0.9832179803362536,0.9064257918171944,1.0677397822617234,1.0827253500304783,1.1354625016961548,0.488743304377466,0.6306400142630258,0.9006353824078682,0.5218506693978705,0.6828099301861608,1.0226377044249113,0.9101369467526012,0.9231471310062922,0.7998686423422471,1.397246185438571,0.2608237229871033,0.4758831109812699
20110525_kin2,20110525,Kin2,EO_to_EC,4,2.8338580298893,0.4291297524282708,0.5099261294051228,2.9359625463155203,0.4385689582211609,0.5419914263518143,0.9652228137057278,0.9784772596966838,0.9408379996662946,1.0761018702445078,1.1500186240815855,1.2219306718295957,0.5715491335717817,0.6834452395190813,0.9788655675664756,0.6150450915732221,0.7859747539868435,1.196105860607362,0.8700818253666784,0.8189682936465763,0.6652444217027506,1.7429504714987776,0.3372851515932455,0.6099256318582967
20110525_kin2,20110525,Kin2,EO_to_EC,5,2.873678022261775,0.4753662395286962,0.5798653178169602,2.852568196607532,0.4682011142983815,0.590892787716116,1.007400287810594,1.0153035202426888,0.9813376129673568,1.023068642313222,1.122935236937159,1.2347399397102707,0.5807607884237512,0.5999750058182923,1.025602009461252,0.5941581513214437,0.6737330753149374,1.2663517633289196,0.9151217865229992,0.8519977871404916,0.6257953019162056,1.7074192212001214,0.3202699584585659,0.7343134677107912
20110525_kin2,20110525,Kin2,even_to_odd,3,2.86015814816294,0.7248055955819138,0.7837591437960049,3.024002990128705,0.7219759893132359,0.8558454183599987,0.9458185582155156,1.0039192525936624,0.9157718519985442,0.8474048501737517,0.991234793993955,0.9428210343903984,0.4569248771445415,0.6045936499803393,0.8920443147703496,0.3872003570573301,0.5992942620883148,0.8410381435738552,1.3490998693133918,0.9843363760051826,1.0075329540903692,1.1074542562091227,0.4343718345617441,0.659171335307226
20110525_kin2,20110525,Kin2,even_to_odd,4,3.115916509768312,0.972827054895847,0.9895794686981854,3.2750088893980216,0.9522235942609248,1.0501827108056931,0.951422306014274,1.0216372086966756,0.9422926682338796,0.8977838646063749,0.9448609864333776,0.9421781916608362,0.5869913852132403,0.5606932208743733,0.6394401377670242,0.5269913943073923,0.529777149761868,0.6024665526766909,1.2255064449808206,1.130542442011514,1.0187679705722552,1.6420611860282288,0.5153815443539538,0.5961885311062277
20110525_kin2,20110525,Kin2,even_to_odd,5,3.2917234643071858,1.0591108222931864,1.043219655400376,3.1879604928860035,1.028748848411334,1.0559710559130393,1.032548386861359,1.0295134948911382,0.9879244791405406,0.8577728790523925,0.907937107843069,0.9418438278694956,0.6268516664667785,0.5972822145619753,0.6441017411072237,0.5376963586839987,0.5422946864555032,0.6066432493818343,1.560362926088504,1.398625814423184,1.2199217186189864,1.7699477205526537,0.5743501712971139,0.6328621615710833
20110525_kin2,20110525,Kin2,odd_to_even,3,3.4322915191314443,0.9047511739804596,1.0004665835057645,3.215256068019232,0.8740339274114092,1.0115931300860304,1.0675017623855751,1.0351442267922306,0.9890009666442476,0.9198556030574412,0.9034802142160608,0.981475229854164,0.6293246416584628,0.6511389828670511,0.6597196253900097,0.5788877977716534,0.5882911877251513,0.6474984709689628,1.1707222400091737,1.2281356069748215,1.0234077392914038,1.9869116788203287,0.5322571427366904,0.6478005830755255
20110525_kin2,20110525,Kin2,odd_to_even,4,3.1317069947827574,0.9030808906149724,0.9278400617852892,3.005671922574334,0.8705276997554687,0.9365588016673604,1.041932411605481,1.0373947789009448,0.990690664732904,0.8693526876977212,0.9040406443850574,0.9445396211520428,0.6198183190107525,0.6950283107694598,0.6513616579380576,0.5388407215162813,0.6283338419338803,0.6152368936217792,1.2747567520953818,1.2723057679575849,1.0920332601957137,1.6874912566463274,0.5674362855771768,0.5708414373906231
20110525_kin2,20110525,Kin2,odd_to_even,5,2.7979136369347275,0.783070090064176,0.8563771009770675,2.9499636406808345,0.7836448511478207,0.8791239716016159,0.9484569905712414,0.9992665541248656,0.9741255256831326,0.8706391069471349,0.8726022253286024,0.9544451287670592,0.6213205856510192,0.6803804711055036,0.6454016096317174,0.5409459998190742,0.5937015131567853,0.6160004224114118,1.1303497938278668,1.14290444035238,0.9599084802978908,1.513520189739077,0.4649098973789208,0.5275286559453343
20110526_su,20110526,Su,EC_to_EO,3,4.21329939377414,0.8407611538976322,0.6397014286790647,4.359516650025415,0.9066481919671762,0.6542101063108738,0.966460213828883,0.9273289919361248,0.9778226024149568,0.5263947511855201,1.0083730755398193,1.1304075891310217,0.25328304093255,1.3158593289199318,1.0021292255435088,0.1333268633112015,1.3268771184807546,1.132814481844376,1.5785873143795208,0.9304367098006872,0.7086465986412408,0.561745992362892,1.1155867372142405,0.7246630424641788
20110526_su,20110526,Su,EC_to_EO,4,4.051275649887627,0.8654305100246805,0.5906050937401527,4.102310057444839,0.9169287698960604,0.5925998252722233,0.9875595928044018,0.9438361391177446,0.9966339316229896,0.5140993985739915,0.9395656950704376,0.9686256902686544,0.2503543448360372,1.2605973309633585,0.97143977658674,0.1287070181105922,1.184414007470526,0.9409615241507584,1.7552130340393766,0.9665302015809462,0.8291832282741631,0.5214276084410902,1.025028018565593,0.5557366691769349
20110526_su,20110526,Su,EC_to_EO,5,4.112885791133469,0.8819119683643645,0.6972986267456799,4.356340260469075,0.9719845159406972,0.738433606427216,0.9441149095848193,0.907331293761239,0.9442942746328128,0.5594010297453668,0.9186388963560846,1.0428009586074,0.3002370020759503,0.9697098374762324,0.9750428864435104,0.1679528881289484,0.8908131748848045,1.016775656666619,1.664454844947265,0.9578082952354344,0.8291656341771493,0.6907710471653816,0.7856188005075622,0.7089962691020716
20110526_su,20110526,Su,EO_to_EC,3,6.209894765703029,0.6542670306585596,0.7575968545024673,5.679949666269972,0.6016848784124698,0.7020911600290576,1.0933010203558853,1.0873915136189338,1.0790576746061182,0.6091675206654734,0.9118396717221828,0.886266191153846,0.4857405857187888,1.1455366619656333,0.929066663556045,0.2958973882889092,1.0445457737924675,0.8234003732378276,1.5661730689478877,1.1457369395276549,1.1034664441360855,1.8374916427204997,0.6834118618061449,0.6238055327611344
20110526_su,20110526,Su,EO_to_EC,4,5.870975955879549,0.5809487955734671,0.6290390655816,5.356000988068192,0.5359127376945549,0.5883293771503965,1.096149154744107,1.084036177368452,1.0691954031403004,0.5797428674287289,0.77581516059626,0.6916730632234012,0.4639401215671724,1.0313032118011414,0.820413248857905,0.2689659763925859,0.8001006668869413,0.5674577449466096,1.7138130669397262,1.2774636472055894,1.3082833212401503,1.5790927803505386,0.4648175187654954,0.3569530896382514
20110526_su,20110526,Su,EO_to_EC,5,5.007365224900628,0.4148833836430406,0.4616207203642045,4.571438138406204,0.4002918511069341,0.4293223048336869,1.095358850605907,1.0364522347775915,1.075231161220542,0.6680009334573398,0.7442514249960075,0.6962427986308086,0.4571441996352493,0.7866094572050584,0.6644608009080119,0.3053727520809548,0.5854352094402006,0.4626260476046628,1.7336546552922754,1.5066094141756363,1.4892680016184456,1.5291128994023753,0.242887340596322,0.2135577693545002
20110526_su,20110526,Su,even_to_odd,3,4.884901136295625,0.593204047385207,0.5686604836589095,5.019914929864792,0.5940785813936875,0.6523222800365935,0.973104366218253,0.998527915269342,0.8717477557673015,0.5305673524406493,0.8866416057193416,0.9056776247118792,0.277258617749952,0.4053938095757937,0.4487465529143363,0.1471043707609461,0.3594390182709628,0.4064197121410997,1.6693651337075492,1.1720634170398676,1.0101014430728203,0.7185903078841988,0.2132206804265005,0.2311148300746722
20110526_su,20110526,Su,even_to_odd,4,3.642307081378321,0.413575952778528,0.3733353148299772,3.538075073184999,0.4002750610586209,0.414437579370476,1.029460089465963,1.033229379029335,0.9008239923538484,0.5568586131521955,0.8076216741804121,0.7605848402371403,0.3114253728230817,0.4385205716610794,0.4674593055176702,0.1734199012106667,0.3541587182474723,0.3555424612045217,1.581428920398479,1.148565513882675,1.0507710024022423,0.6316485342315411,0.1464715293340208,0.1327365566892115
20110526_su,20110526,Su,even_to_odd,5,3.4403517454692016,0.527549854176826,0.52271504862897,3.486276374352681,0.534288098932964,0.5515158368684459,0.9868270257569564,0.987388368242536,0.947778855448632,0.5321878747763211,0.8486570902249977,0.808516441072577,0.2950152531699095,0.6268378493206662,0.6258538930158053,0.1570035406110925,0.5319703852473721,0.5060131622125562,1.7433653233723834,0.972777292164576,0.9716057537338086,0.540147404986217,0.2806408991636414,0.2645006946928376
20110526_su,20110526,Su,odd_to_even,3,5.107670668118902,0.6578165911454189,0.5715631211028297,4.968671192257284,0.6704821317972866,0.5760740804472247,1.027975180985657,0.9811098013635106,0.992169480458324,0.5726897877222417,0.7406622472728022,0.8763769448132033,0.2930916002879736,0.881395731392155,0.7853221646089108,0.1678505663520917,0.6528165431495686,0.6882382393140488,1.974207137950271,1.669888742468313,1.29007584445905,0.8573254143837256,0.4294335530579858,0.3933715961246543
20110526_su,20110526,Su,odd_to_even,4,4.181638312385852,0.7954674857074021,0.6707734518196022,4.081827852886038,0.7895662004623849,0.6969839871384305,1.024452393167253,1.007474085442818,0.9623943507993068,0.5039153294852348,0.8051842596878269,0.9175487486593326,0.2500704721018645,0.6996765849540161,0.7189756063429107,0.1260143443437392,0.5633685730771063,0.6596951679165225,2.2314430512547685,1.4672592930300898,1.166404119102027,0.526946410217964,0.4481413823522112,0.4425060049320773
20110526_su,20110526,Su,odd_to_even,5,4.903790612091448,0.9066580997796164,0.6898731174714988,4.940701506346512,0.9786512247082516,0.7243501111408742,0.9925292199482906,0.926436381919312,0.952402859971854,0.5448767768730538,0.7497437149198218,0.8107532755655974,0.2529418412226717,0.6614238906241774,0.6309094830432533,0.137822135181745,0.4958984048932926,0.5115119299627152,2.171148934353542,1.5369356813415087,1.3140641175550123,0.6758508926426408,0.4496103054642972,0.3528783297472414
20110527_su,20110527,Su,EC_to_EO,3,0.7756017673999409,0.1970395473964326,0.1845480757684932,0.7736820236140933,0.1932413954429336,0.1812807666580365,1.0024813085056314,1.0196549602883656,1.018023473591217,0.9017111646583708,0.7229307102258233,0.8053549547339247,1.4062115940897355,1.9734657069500805,2.295784527006148,1.2679966942627596,1.4266789651317286,1.848921443825881,1.2680363798834715,1.385474244216791,1.2749280551392628,0.9834604771274804,0.2811121775695646,0.3412148947051705
20110527_su,20110527,Su,EC_to_EO,4,0.7487505712334366,0.3628291822182469,0.2837332513620716,0.86548092379779,0.3845378168815487,0.3304931910878882,0.8651266026151883,0.9435461644855884,0.8585146653947805,0.8787825901275162,0.8222396331969619,0.9073381932136404,1.2744432120191356,1.136986123065986,1.5830427454155849,1.119958506828607,0.9348750527798124,1.436355144405338,1.3115512045928457,1.1140606391594583,1.0262549813036492,0.8385695717456682,0.3391999508763442,0.4075417152327651
20110527_su,20110527,Su,EC_to_EO,5,0.913664542444411,0.3284651650901413,0.2574239987266968,1.230565761480025,0.3451317029418679,0.2989572206974274,0.742475185840966,0.951709629368549,0.861073026188031,0.9125681384670186,0.692509429207998,0.7572933664723538,1.2613796332015317,1.0025611498279303,1.4206054108229718,1.1510948637709322,0.694283049613454,1.0758150539909692,1.2272480322164177,1.252771011756025,1.1528425667686062,1.0517145620173824,0.2280477965105691,0.2769406130887378
20110527_su,20110527,Su,EO_to_EC,3,1.5987745428715188,0.4409916688304873,0.6275234720494021,2.086949995592801,0.4275266562281771,0.6124327149898091,0.766081864082893,1.0314951416622875,1.0246406775638095,0.9424339040676684,0.6347781294821153,0.6326060020056142,0.890711131389042,0.6825265351823738,0.583608196735457,0.8394363689515049,0.4332529173249765,0.3691940480745234,1.2442307647405877,1.9197245343814693,1.9542688321224693,1.3420694970401696,0.1910609270368185,0.2316779309076985
20110527_su,20110527,Su,EO_to_EC,4,0.8637693566167235,0.276696765481892,0.2248209591859042,1.1423687878881774,0.2676571111702049,0.2518560464635401,0.7561212856782592,1.033773264129488,0.89265658832793,0.9753618049244874,0.5307221694591157,0.6618877656887453,1.1711374089049993,0.2656782884034837,0.4375213205965934,1.1422826969641675,0.1410013575996813,0.2895900093308683,0.9590757214518868,1.641292909355117,1.3026256697345735,0.9866687902311558,0.0390146195763891,0.0651059036684208
20110527_su,20110527,Su,EO_to_EC,5,0.974497419985906,0.221808309725162,0.1945004426980374,1.1824302094493264,0.2242251148356888,0.2223677219448152,0.8241479388789825,0.9892215235911564,0.8746792969633715,0.8427919613301815,0.4850364513102984,0.646937783614363,1.0602101943198905,0.2537137794515575,0.4714302332838619,0.8935366290931133,0.1230604312337071,0.3049860302494637,1.295325257165982,1.790845706957981,1.356344531923537,0.870749139714138,0.027295826245999,0.0593199179002381
20110527_su,20110527,Su,even_to_odd,3,1.0924796315692502,0.5504042011329008,0.434844164904149,1.8405685080711045,0.5634324890516188,0.5128081392919629,0.5935555382908062,0.976876931714308,0.8479665816235694,0.8570681394078346,0.6035451796213656,0.7078405783805221,0.8098772607992224,0.2894095581597644,0.3355153441091016,0.6941199970619031,0.174671743763675,0.2374913752297263,1.5738760110978334,2.0178001394623344,1.6499986513849434,0.758311958655036,0.0961400615867364,0.1032717387337082
20110527_su,20110527,Su,even_to_odd,4,1.1343958529658495,0.4006126972563095,0.3411494408081064,1.551064555353214,0.3987717249678235,0.3705733278710607,0.7313659828346222,1.004616606878621,0.9205990154985138,0.8875048045828475,0.6421381436849086,0.788290945784923,0.9709264114131906,0.346811636857104,0.4393806489662038,0.861701855025589,0.2227009806997453,0.346359787333162,1.201124354711683,1.6101497412882482,1.2528586964666872,0.9775110108340074,0.0892168405597503,0.1181604477671227
20110527_su,20110527,Su,even_to_odd,5,2.9901424958962277,0.4107247746643745,0.3662565246640124,3.341144668314397,0.3877395021198547,0.3871525917311953,0.8949455329645305,1.059280193064814,0.9460262761673792,0.5779519637749412,0.6969648373210229,0.765993004244237,0.5308447451843815,0.3728924624363523,0.486585339992688,0.3068027629389215,0.2598929344201879,0.3727209664022026,1.9292559964292104,1.5327142170226302,1.2130483498241336,0.9173839793220464,0.1067444669265948,0.1365114858238826
20110527_su,20110527,Su,odd_to_even,3,0.8298964800857968,0.2809804543628658,0.216682058205362,0.9280489350142292,0.2841661410303482,0.2487205559876064,0.8942378454139085,0.9887893516942886,0.8711867716159304,0.8363604269689655,0.6032328057673381,0.7263694614476436,0.8880913958732521,0.6101798948231634,0.6179113194975172,0.7427644990400177,0.3680805299769961,0.4488319123658144,1.340161880244623,1.606641761851013,1.3560866710261454,0.6164176432860002,0.1034234345550657,0.0972538225596732
20110527_su,20110527,Su,odd_to_even,4,0.8448039961913071,0.4688472735778063,0.3212514860482086,0.9676278504691338,0.4698665055501287,0.3648494483099861,0.8730670533942588,0.9978308052174752,0.8805042395877885,0.8713993393045572,0.7210371572468423,0.8163243656822363,0.9007780689432184,0.7325075883453187,0.8006488686156376,0.7849374141371555,0.5281651891622489,0.6535891798068606,1.3115117219771495,1.2108644706956726,1.1145360902219368,0.6631182642231391,0.2476288089374257,0.2099664952779833
20110527_su,20110527,Su,odd_to_even,5,0.991891953926768,0.4172274878180746,0.2868104751393891,1.3082652360246851,0.4129302786809743,0.324347236581665,0.758173439615919,1.0104066215508023,0.8842698281080472,0.8914810819500277,0.6055647128713668,0.6821629891764649,0.8607034722121488,0.6591017917690746,0.7304236748611193,0.767300862645832,0.399128787285643,0.4982679974085194,1.2648559794729055,1.3728582453408789,1.2638761774185867,0.7610795518994695,0.1665275012350611,0.1429084810834864
20110621_chibi,20110621,Chibi,EC_to_EO,3,5.04795473187457,,,5.437137125257922,,,0.9284214496677998,,,0.962761520704776,,,0.7812657766780682,,,0.7521726272291749,,,1.2196581193429743,,,3.7969333728080414,,
20110621_chibi,20110621,Chibi,EC_to_EO,4,4.444762007183335,,,4.962978490610881,,,0.895583572564757,,,0.9641043364725876,,,0.8253318947289344,,,0.7957060587373027,,,1.2536647277760222,,,3.536724058761157,,
20110621_chibi,20110621,Chibi,EC_to_EO,5,2.9682406103402883,,,3.705652709904238,,,0.8010034514046497,,,1.1507596714274502,,,1.0711310681999788,,,1.2326144360975415,,,0.6683182117197902,,,3.658696226116423,,
20110621_chibi,20110621,Chibi,EO_to_EC,3,2.843401170716489,,,5.343304342025219,,,0.5321428443356799,,,0.9561066150536032,,,1.7477951388112112,,,1.6710784939759298,,,0.9486186927111324,,,4.751546546130324,,
20110621_chibi,20110621,Chibi,EO_to_EC,4,5.763631263850957,,,8.425582448289196,,,0.6840632441999612,,,0.7602097901858974,,,1.2122976087597097,,,0.921600510798084,,,1.3853748467872666,,,5.311765516816839,,
20110621_chibi,20110621,Chibi,EO_to_EC,5,5.4978892970331925,,,6.953312370078312,,,0.7906863670747575,,,0.7715444475269848,,,1.099787602186488,,,0.8485350179260011,,,1.4243302785029406,,,4.665151593213239,,
20110621_chibi,20110621,Chibi,even_to_odd,3,7.134064623604643,,,8.312642210534507,,,0.858218655743866,,,0.6538459345330241,,,0.7253889530782761,,,0.4742926179253974,,,1.7318366850161842,,,3.383634186778398,,
20110621_chibi,20110621,Chibi,even_to_odd,4,5.805132396625639,,,8.371712251061314,,,0.6934223516688237,,,0.8872536792924031,,,0.9189302504661264,,,0.8153242457391602,,,1.241836311429693,,,4.73306519269476,,
20110621_chibi,20110621,Chibi,even_to_odd,5,5.482293779294388,,,6.36341095549664,,,0.8615338248048945,,,0.8767599010676338,,,0.8608165429499448,,,0.7547294270341761,,,1.295227128468431,,,4.137648442879895,,
20110621_chibi,20110621,Chibi,odd_to_even,3,2.2249106075751257,,,2.470298856342012,,,0.9006645499037901,,,0.9018582593749636,,,0.7425922023847248,,,0.6697129110681087,,,1.17941983650223,,,1.4900513598654574,,
20110621_chibi,20110621,Chibi,odd_to_even,4,2.5515925539041917,,,3.319907025500497,,,0.7685734974820635,,,0.9192126241586644,,,0.7610928263248932,,,0.6996061341144397,,,1.142930774159716,,,1.7851098024721093,,
20110621_chibi,20110621,Chibi,odd_to_even,5,2.017643685151847,,,3.12571112956895,,,0.6454990885322437,,,0.9670420865555868,,,1.9853557548624976,,,1.919922571737372,,,0.9818018993264368,,,3.873719652846416,,
20110622_chibi,20110622,Chibi,EC_to_EO,3,11.149330544272985,2.243198948024154,0.6317654354287497,12.242719282995244,2.0551409090887502,0.6327507628692461,0.9106906959599288,1.0915061532295554,0.9984427874317692,0.6357812811510296,0.616115085561747,0.862326215593112,0.4774141328017724,0.6068831610284621,0.8934921460732285,0.3035309689923186,0.3739098706830343,0.7704817009854952,1.862552339061644,1.83642448433924,1.109329310228783,3.384167103718833,0.838754228572033,0.4867637073129842
20110622_chibi,20110622,Chibi,EC_to_EO,4,7.915397508562416,1.5885701016370972,0.9139350227423764,8.574772274314963,4.17710597355135,0.8808747468391291,0.9231029414358152,0.3803039979583051,1.0375311881988658,0.6367167528193168,0.6705225397926106,0.8282836393667834,0.5610095250881253,0.6945205254189667,0.8796589926853213,0.3572041631148179,0.4656916666420237,0.7286071518631165,1.683869815506606,1.571157943918413,1.2452007938069312,2.827412942767155,0.7397838582090674,0.665899593908277
20110622_chibi,20110622,Chibi,EC_to_EO,5,7.590346538934902,1.9854688976157853,0.9228309810249932,7.948093693964733,4.161704823978564,0.8844595312621633,0.9549895649441726,0.4770806632359115,1.043384064964592,0.5923173879808317,0.7936756947431659,0.8355330433025833,0.5001819408791404,0.6743082614019669,0.8034991819670989,0.2962664607367151,0.5351820778392623,0.6713501168001061,1.883444112313047,1.236587518263786,1.3101722872740735,2.2487651048554143,1.0625873701112445,0.619542686897886
20110622_chibi,20110622,Chibi,EO_to_EC,3,8.97134481838271,1.0509227375485075,1.0966745015974553,8.598979178724205,2.619073288886953,1.137911412060486,1.0433034703212007,0.401257476072816,0.963760878020934,0.5177037186293589,0.6151543502963565,0.7483259819420929,0.4084234027505452,0.5794114508330066,0.7328847882796321,0.2114423143792136,0.3564274745914474,0.5484367288397786,1.8236876026706728,1.7035141306551442,1.410429296947503,1.8969219114928049,0.3745777373351451,0.6014565762581019
20110622_chibi,20110622,Chibi,EO_to_EC,4,9.316378485249087,1.0417280687601511,1.0391903518761745,10.408047870955004,2.4872560398746804,1.0896535582922873,0.8951129549708964,0.4188262294108802,0.953688760953344,0.5838090602237509,0.6336066490014457,0.6966169193128101,0.3866701725990406,0.5954108747181348,0.7372524671434877,0.2257415500816014,0.3772562891091769,0.5135825424172651,1.7406397355397942,1.6996239688477714,1.4652747649151563,2.103093720407014,0.392998465481328,0.5337100229720596
20110622_chibi,20110622,Chibi,EO_to_EC,5,6.829226476624427,1.3663972215419813,0.9679386602979286,9.971097236261803,2.865674549876624,0.9876088578191328,0.6849022043219709,0.4768152132281763,0.980083008201606,0.6896313672236615,0.7608429335639814,0.7462583161697351,0.5167427763542943,0.6677194751065489,0.7996246019378717,0.3563620273601626,0.5080296442378684,0.5967265090100508,1.5555975333898402,1.1301940768404055,1.3730918115460802,2.433676992511577,0.694170294347589,0.5775946576954507
20110622_chibi,20110622,Chibi,even_to_odd,3,8.159715141252816,1.641700759373138,0.462361930047549,9.459026133318032,1.5878524302785009,0.4888788073553555,0.8626379741685476,1.0339126785763035,0.9457598142753364,0.629201701644643,0.6097390277715605,0.8534021656656517,0.5481266591181188,0.7183248931851173,0.7296024329029056,0.3448822266339134,0.4379907219948035,0.622644296314268,1.7737100747013466,1.7488284978567417,1.0564151849314374,2.814140726613722,0.7190497008972593,0.2878870185769628
20110622_chibi,20110622,Chibi,even_to_odd,4,7.358914794289808,1.1476258357937124,1.1530333275066265,8.866059479861626,2.6637316265529547,1.2314423559913112,0.8300096351716174,0.4308338814442865,0.9363274877600216,0.5116888126467743,0.6626258449550569,0.7675351322498173,0.4839938831115181,0.4999374250007413,0.6316463811415989,0.2476542553776344,0.3312714586657715,0.4848107886846357,1.9443236473215948,1.6163630668742464,1.389965447695873,1.8224665637672937,0.3801756846259068,0.5590029968881581
20110622_chibi,20110622,Chibi,even_to_odd,5,6.6820384016001295,1.5816743454158364,1.1273614684000404,7.384550526497199,3.1231255580441437,1.133331197590114,0.9048673142154936,0.5064395638343658,0.9947325819647712,0.4805884065105106,0.7464706094120761,0.7927459825623039,0.4491243591632682,0.4556276387459695,0.579103640211306,0.2158439600953293,0.3401126411596891,0.4590820842647187,2.095899018142547,1.1589506163418604,1.334206095618789,1.4422776301104336,0.5379474390739002,0.5175514526328255
20110622_chibi,20110622,Chibi,odd_to_even,3,4.968753435213961,2.467680187824957,0.677174020158719,4.924492380639,2.2210143131002327,0.6774158383530992,1.0089879425438806,1.1110600113064613,0.999643028431446,0.934781503767909,0.6664106716045132,0.9146527108029158,0.5877875771846907,0.6525429373827204,0.8552146515202712,0.549452955296801,0.4348615771520005,0.7822243993313871,1.1884359905130817,1.515608071691156,0.9324928329882248,2.730096259119444,1.0730992983843062,0.5297020411614747
20110622_chibi,20110622,Chibi,odd_to_even,4,4.474909657846622,1.940300422286852,1.1056264409600078,5.087164172610069,5.198291705486367,1.0953461164733869,0.8796471877082515,0.3732573184069345,1.0093854575572148,0.9630174365585872,0.6754783936574985,0.8368890325882212,0.7367543844804005,0.7129730828270484,0.7030198912167894,0.709507318715615,0.4815979127090493,0.5883496366506954,1.1282137471093705,1.553109763396847,1.2382240863089875,3.174981152833368,0.9344446334018336,0.6504949148102233
20110622_chibi,20110622,Chibi,odd_to_even,5,5.122575783746885,1.8395544732635865,1.042398932887295,6.017040810510634,4.775754296530679,1.0243737091490523,0.8513446966819158,0.3851861630737412,1.0175963357681406,1.0387305953615926,0.6408846897147404,0.780644671676066,0.8826390297694102,0.6958132407350469,0.6884155494220489,0.916824164881758,0.4459360528878885,0.5374079305552739,0.94742028102173,1.6300424526307795,1.2975946445916566,4.696501264977258,0.8203236608794274,0.5601934533359886
