animal,fold,heldout_date,training_dates,lambda,k,candidate,Q_deep_anesthesia_over_awake,Cspec_deep_anesthesia_over_awake,Aspec_deep_anesthesia_over_awake,Deff_frac_deep_anesthesia_over_awake,Gpair_deep_anesthesia_over_awake,Oorg_deep_anesthesia_over_awake,top_share_deep_anesthesia_over_awake,WMI_deep_anesthesia_over_awake,Q_recovery_eyes_closed_over_awake,Q_recovery_eyes_open_over_awake,Cspec_recovery_eyes_closed_over_awake,Cspec_recovery_eyes_open_over_awake,Aspec_recovery_eyes_closed_over_awake,Aspec_recovery_eyes_open_over_awake,Deff_frac_recovery_eyes_closed_over_awake,Deff_frac_recovery_eyes_open_over_awake,Gpair_recovery_eyes_closed_over_awake,Gpair_recovery_eyes_open_over_awake,Oorg_recovery_eyes_closed_over_awake,Oorg_recovery_eyes_open_over_awake,top_share_recovery_eyes_closed_over_awake,top_share_recovery_eyes_open_over_awake,WMI_recovery_eyes_closed_over_awake,WMI_recovery_eyes_open_over_awake
Chibi,LODO,20110621,20110622,0.01,3,18;25;41,6.068593431265644,6.685535961635007,0.9077198097639904,0.8309737203298087,0.7094038476957665,0.589495954536032,1.365966019642728,3.5774112774550315,,,,,,,,,,,,,,,,
Chibi,LODO,20110621,20110622,0.01,4,18;25;32;51,5.601255692910544,7.166014781662586,0.7816416604726842,0.7417658253484629,0.5755021608842722,0.426887835358146,1.845489192985656,2.391107918034081,,,,,,,,,,,,,,,,
Chibi,LODO,20110621,20110622,0.01,5,4;18;25;32;51,5.937502903136041,8.422356219078479,0.7049693397776621,0.8163741141823619,0.647349643481737,0.5284794917636708,1.6559692387221965,3.137848516594664,,,,,,,,,,,,,,,,
Chibi,LODO,20110622,20110621,0.01,3,41;51;55,3.720372686117596,5.216710323494617,0.71316451468698,1.0040115456941543,1.146931449427171,1.1515324173446106,1.0182186522775043,4.284129752667861,,,,,,,,,,,,,,,,
Chibi,LODO,20110622,20110621,0.01,4,39;41;51;55,3.911693906466261,4.764186260077097,0.8210623373912672,1.0330405994468002,1.179316360394001,1.2182816798788372,0.9697524233299936,4.765545023541532,,,,,,,,,,,,,,,,
Chibi,LODO,20110622,20110621,0.01,5,25;39;41;51;55,3.747611646040663,4.432923667185007,0.8454040555181653,1.0153018911394145,1.052553856726915,1.0686599212609214,1.1279670490927387,4.004922366574325,,,,,,,,,,,,,,,,
George,LODO,20110112,20110113;20110114,0.003,3,11;21;39,0.7866615841122023,0.8519248981621819,0.9233931134178976,1.305928027071139,5.880293527366441,7.679240124792845,0.6023854099648064,6.0409632013475285,0.4530009885992164,0.3970700634918813,0.4734498691486252,0.390997464957442,0.9568087734691304,1.015531043238606,1.2694788582132916,1.2482772422611483,4.8574542195915695,4.859238548106808,6.166435436510441,6.065676894319832,0.6770876573889764,0.708711488316303,2.793401348872475,2.4084987095488115
George,LODO,20110112,20110113;20110114,0.003,4,8;17;21;39,1.291314798746345,1.4336003850258785,0.9007494781909082,0.9428303844317696,2.3948265639412467,2.257915249928139,1.0721560287446332,2.9156793765472533,0.4386266069183349,0.3240728669812704,0.4369668650045195,0.3281370399521614,1.0037983244194002,0.987614403508109,1.1802902330410951,1.1755399241283115,3.031350158519881,3.6920319332140887,3.5778729850285917,4.340130938649793,0.7632307258380425,0.7535166356114263,1.5693502874078706,1.4065186763623516
George,LODO,20110112,20110113;20110114,0.003,5,2;8;17;21;39,1.3096594911049688,1.4730316138522015,0.8890912311651005,0.984860223472304,2.2232102135370027,2.189551307729961,1.0632209072254035,2.8675666514298443,0.4963401798989467,0.372612910567927,0.4971849512110198,0.3754875676397838,0.99830089122767,0.9923442017270342,1.30147850846153,1.2668599208468974,3.465505239109112,4.445986935972646,4.5102805896613445,5.632442657792645,0.6772809543973873,0.693028226313607,2.238633479267252,2.098720852327063
George,LODO,20110113,20110112;20110114,0.001,3,8;17;39,1.590182902005597,1.8962810292259296,0.838579766130296,0.9997852430247376,1.0672640716602009,1.0670348692563645,0.897610910043679,1.6967806049352443,0.6899488251278307,0.728186220467508,0.6733355497003355,0.7007916012798321,1.024673100113144,1.0390909639008887,1.120273627166462,1.0916180485658078,1.668042697599602,1.1572978215354583,1.868664243108436,1.2633271895539973,0.7326830873273552,0.7998370595544366,1.2892826990910509,0.919937451375165
George,LODO,20110113,20110112;20110114,0.001,4,8;17;19;39,1.6150976869173228,1.6665461764293,0.9691286744768096,0.9819689409511716,1.04326192926118,1.0244508118112772,0.9358474620410996,1.6545881365169657,0.6855990975768481,0.7450573705025992,0.5953619480825899,0.6837531736777384,1.1515668742096703,1.0896583726187636,1.070637683743993,1.0789839615689203,1.4806616734990672,1.0540289255421749,1.5852521845235457,1.1372803056897285,0.8276027657740196,0.832912284077476,1.0868474671410702,0.8473390740815818
George,LODO,20110113,20110112;20110114,0.001,5,8;11;17;19;39,1.7942366520589932,1.8287951241954803,0.981103147269331,1.0489253219139278,1.1579379046657747,1.2145903894078869,0.8258283445147804,2.179262593914233,0.8656600264748515,0.7988329838575944,0.7800878006395108,0.7191250841683297,1.1096956339596509,1.1108401047940737,1.051222900024294,1.123981772821955,1.4035602222544794,1.1984286219989444,1.4754546471970964,1.347011927154946,0.9386196652014837,0.7776588269935534,1.2772421089550816,1.076037557060957
George,LODO,20110114,20110112;20110113,0.001,3,9;17;21,2.287996214723361,2.257389063013723,1.013558651546214,0.9640053513646764,1.1147909974639596,1.0746644872084226,1.0225560633110575,2.4588282788305027,1.4379926248551531,0.851413859245725,1.5283827850425422,0.9836353115791006,0.9408589516500784,0.8655787863887165,0.8806970893522744,0.9551800278503862,0.910667782498767,0.6814408885826364,0.802022465413554,0.6508987269347546,1.09357655706584,1.0174872063659308,1.1533023902328416,0.5541841970776481
George,LODO,20110114,20110112;20110113,0.001,4,9;17;21;39,1.9091016196001191,1.8445315517596128,1.0350062148727732,0.9243387614519912,0.734336187142207,0.6787754017124054,1.099423824641926,1.295851218753878,1.1840643739624768,0.762427243761674,1.2270785766102288,0.844905456059663,0.9649458449787482,0.9023817260186272,0.8363034242997873,0.9858128868176914,0.5783338531638339,0.5394460955535001,0.4836625817894046,0.5317929127401282,1.1853251065148276,1.0123718390234304,0.5726876321155477,0.4054534047124475
George,LODO,20110114,20110112;20110113,0.001,5,2;9;17;21;39,1.8839829707900484,1.9081822216374869,0.9873181656484188,0.9611764009404246,0.6891701070552831,0.6624140431351242,1.0841662698148966,1.2479767768787622,1.2340383804029498,0.816174818602768,1.459638183900734,0.8937840285997269,0.8454412840208855,0.9131678263276334,0.9285828501398536,1.0577949486265597,0.5493460850543535,0.6118749196436478,0.510113353372942,0.6472381991903328,1.1063272980448766,0.926238846812952,0.6294994564182635,0.5282595198169524
Kin2,LODO,20110513,20110524;20110525,0.01,3,9;27;37,4.549923670762049,4.581568539913081,0.9930930054029852,0.9342395130642632,0.6910967183452461,0.6456498616271731,1.210500687056404,2.9376575884417093,1.0437206170353648,0.9422445058677285,0.9973741733424188,0.9167012756248026,1.0464684618187263,1.027864290060594,0.9651833973076585,0.9954013394896556,0.722176708552763,0.9891177721269074,0.6970329690174183,0.9845691552881478,0.9393688642044308,0.9571969753706976,0.7275076805168538,0.9277048772170868
Kin2,LODO,20110513,20110524;20110525,0.01,4,9;27;36;37,3.971159168330871,4.470136087332262,0.8883754522786406,0.9378247181557032,0.7340390354057521,0.6883999514946837,1.2897720934586774,2.7337457788566324,1.0758860428709889,0.9197924020111566,1.0525625338768287,0.8631335002402107,1.022158787001713,1.0656432657928092,0.9609611788255285,1.0000242788575968,0.7196208810161878,1.0158944215724584,0.6915277301287811,1.015919086328453,1.0674214181675143,1.0111594547032283,0.7440050331038115,0.9344346566630284
Kin2,LODO,20110513,20110524;20110525,0.01,5,9;15;27;36;37,4.370520051010356,4.719622702069069,0.9260316611949369,0.9844468299600508,0.6528239518306668,0.6426704699016927,1.1397673546207006,2.80880417489759,0.9763616077868376,0.861500855298134,0.9430867692141224,0.7995680228106758,1.0352829025482386,1.07745786564819,0.8606740390834031,0.970933646146424,0.681311407946124,0.9777249875342836,0.5863870413505907,0.9493060870751288,1.0678237343921664,0.9839823606518072,0.5725257944784385,0.8178280059549482
Kin2,LODO,20110524,20110513;20110525,0.01,3,27;35;56,3.6731860667203664,4.120344096538888,0.8914755614235866,0.8515789514625963,0.72437593908041,0.616863302666829,1.3233101877117288,2.2658536884268994,1.0098443866382163,0.7137982846026907,0.977081300303182,0.792338095380614,1.033531586700992,0.9008758871549712,1.0258898571922552,1.0219508110787543,0.7512054676114602,1.0509304722633754,0.7706540698899622,1.073999248516935,0.9429663802268606,0.922945138495223,0.7782406865182742,0.7666188212559666
Kin2,LODO,20110524,20110513;20110525,0.01,4,9;27;35;56,3.843168039909465,4.23345299345214,0.9078093097652608,0.8955207529602982,0.8792650545724562,0.7874001037224038,1.2418220770144135,3.0261109132473325,1.0649194301577922,0.876934270573745,1.0350033192581996,0.9397870677823787,1.0289043622787934,0.9331201722567348,1.0271403769327143,1.0125963802720472,0.8201213618651157,0.9945181193175502,0.8423797647567063,1.0070454477359154,0.9211126377649672,0.8899472773492613,0.8970665790611655,0.8831126651449043
Kin2,LODO,20110524,20110513;20110525,0.01,5,9;21;27;35;37,4.244078184674256,4.623129791693516,0.9180097414309436,0.9874251857197416,0.7646082502970489,0.7549934435524102,1.116285859521278,3.204251203352885,1.2123181638619025,0.9477529847432096,1.1869380727834675,0.942376953800645,1.021382826670069,1.0057047563831891,0.9053738600671822,0.9966836060149538,0.6981550581513148,0.9816918307710736,0.6320913399238839,0.9784361538883352,1.290521582658112,0.9794401559706218,0.7662958126095327,0.927315785228337
Kin2,LODO,20110525,20110513;20110524,0.01,3,27;35;37,3.098999741516592,2.898046934923588,1.0693407702171334,0.88158016737519,0.5684738007062001,0.5011552283749823,1.409320990801358,1.5530799231937602,0.7568923947698484,0.8606145297288603,0.7513172556385112,0.8732400407276055,1.007420485939191,0.9855417635359172,0.9824246845912572,1.0178365744114848,0.7622848339041081,0.9195372335038312,0.7488874375169423,0.9359386277933532,1.0897804887574236,1.0200355952207,0.5668272059952532,0.8054823820134519
Kin2,LODO,20110525,20110513;20110524,0.01,4,9;27;35;37,3.3179102935769453,3.1824036290726894,1.0425799742265065,0.9018803057426154,0.7259402381882936,0.6547112039681252,1.3513510831827238,2.172273042966001,1.0041086196890214,1.051124230351077,0.9791340474291688,1.067389129288874,1.0255067958523418,0.9847619780907524,0.9320944505193716,0.9875578944697352,0.7499694742680453,0.781897137362943,0.6990423850241757,0.7721686906660612,1.2419187487669043,1.0650609784831682,0.701914484330747,0.8116452206775637
Kin2,LODO,20110525,20110513;20110524,0.01,5,9;21;27;35;37,3.179045832203021,3.2762024243921952,0.9703447529780768,0.9616663258542352,0.7438835688260965,0.7153677784963283,1.1252271462429424,2.274186954721094,0.9485664479660016,0.9826846408031744,0.946281557591164,0.9854547504240304,1.002414598864902,0.9971890037369407,0.919699330074282,0.9779203165639244,0.7646810434286087,0.7945242024732392,0.7032766433617944,0.7769813596003297,1.0891602133296998,0.9315462315803232,0.6671046275311497,0.7635276482696134
Su,LODO,20110523,20110526;20110527,0.003,3,22;33;36,0.748627544398992,0.7650399447682715,0.9785470020467352,0.8995730296342633,0.6179106048425475,0.5558557148413505,1.4342172656471028,0.4161288988418273,0.89547386607517,0.6463291811063393,0.9000582994733919,0.6592595244805076,0.9949065150547424,0.9803865656937496,0.7999679622918013,0.8176731557091952,0.4215445889048343,0.4783617434578438,0.3372221658013355,0.3911435563437276,1.5571747692983413,1.442194151963241,0.301973636536364,0.252807494466663
Su,LODO,20110523,20110526;20110527,0.003,4,13;22;33;36,2.884564949421688,2.868724351018507,1.005521826590818,0.4941152563731558,0.3121435508493444,0.154234890653151,2.3717985838529625,0.4449005595559668,0.785089999177722,0.6509381627943546,0.7724608932651693,0.6759161111958024,1.0163491848230268,0.9630457863221252,0.8433046732848418,0.8812477703194649,0.5600057596190522,0.6730100011185127,0.4722554741531745,0.59308856288839,1.4178831356603432,1.1852323640363618,0.3707630498145903,0.3860639795009148
Su,LODO,20110523,20110526;20110527,0.003,5,13;22;26;33;36,2.9210574281830244,2.8465524244326046,1.0261737683490129,0.5351158771838269,0.3399343645179732,0.181904275653962,2.4813742165712056,0.5313528356172587,0.6611048803169177,0.5445954338376482,0.6279762858381908,0.547545777577993,1.0527545310640332,0.9946116948369224,0.7496589100110153,0.8073489885053557,0.5327226253354057,0.6291652524297744,0.3993602626471467,0.5079559301518951,1.683487141101377,1.406913281291937,0.2640190186406745,0.2766304801514793
Su,LODO,20110526,20110523;20110527,0.003,3,30;35;58,1.3597217990781123,1.4169179642730554,0.9596333968252796,0.8400312000462674,0.6600651814086969,0.5544753464475048,1.3645617035365256,0.7539322156160625,0.9887554560819982,0.7480670723408416,0.9581344763744932,0.716101960950041,1.031958958228257,1.044637653761474,0.8133907696274092,0.9015598398627256,0.6206081687042497,0.7098954184597,0.5047969559794067,0.6400131997858096,1.2699839585160937,1.11193162561294,0.4991207444382229,0.4787728006232641
Su,LODO,20110526,20110523;20110527,0.003,4,7;30;35;58,1.6369381144400488,1.9952116664137547,0.8204333114101743,0.9139215019526012,0.6689621161672851,0.6113788619569955,1.1160618129765234,1.0007893615003902,0.8625469338384385,0.6418537424745282,0.849370716584928,0.6134690775443912,1.0155129167938448,1.0462691046201642,0.6821538807364952,0.7187873730915738,0.5469839818572855,0.6223062578502375,0.3731272459246479,0.4473058803386198,1.484283748789217,1.3228471002378366,0.3218397619038862,0.2871049533262066
Su,LODO,20110526,20110523;20110527,0.003,5,13;26;33;35;58,3.9057202245549534,3.855391464258876,1.0130541245325273,0.4982518908492962,0.1904728699653375,0.0949034676157215,2.1862858927272164,0.3706663928471205,0.6642672324609792,0.5698572891053618,0.7416631205103894,0.5980255458596492,0.8956454946874683,0.9528979038616218,0.6947075815766912,0.7906266146784786,0.6130331063453873,0.647300989702146,0.4258787467356506,0.5117733901662365,1.5393514747726706,1.2596257969431128,0.282897296458043,0.2916377967563914
Su,LODO,20110527,20110523;20110526,0.003,3,22;33;36,1.0832348650212236,1.153526105979631,0.9390640223970376,0.8557115937273814,0.4214682449394598,0.3606552635826274,1.4796293170647763,0.3906743557661222,0.7372226192501907,0.8825126158461296,0.7539153497932664,0.9271139025387432,0.9778586143024504,0.9518923332176548,0.9251622284651178,0.9084701511725262,0.5987245290165139,0.526346625265181,0.553917319501646,0.4781701982238078,1.1900016976662875,1.372395211404412,0.4083603771310489,0.4219912324541541
Su,LODO,20110527,20110523;20110526,0.003,4,30;33;35;58,0.886370331890567,1.0348573705113011,0.8565144889992234,0.8902185109364611,1.09475605771176,0.9745721075348336,1.243213187820717,0.8638318024069432,0.6832541271910237,0.5041674149494556,0.6997234473980288,0.5593179260038141,0.9764631008604222,0.9013968469625228,0.8320322672550503,0.96758419298391,0.9854142765940525,1.0571224740601133,0.8198964747400447,1.0228549959486088,1.1615288732318565,1.0031997732030264,0.5601976502355077,0.5156901591755463
Su,LODO,20110527,20110523;20110526,0.003,5,26;30;33;35;58,1.2913427684431125,1.3664198770258535,0.9450556085687558,0.8002102180428192,0.9189656882150742,0.735365733740454,1.6157006937720724,0.9496092224266052,0.6140936188362159,0.4757800826266852,0.6194504728072205,0.4956637225632663,0.991352248151933,0.9598848190185169,0.6711866630968454,0.8571329490174106,0.8114637182001188,0.8918510365287783,0.5446436252428967,0.7644349090241461,1.5547297355931875,1.290650361935534,0.3344621748014891,0.3637029041782314
