animal,date,k,transform,lambda,Q_ratio,Cspec_ratio,Aspec_ratio,Deff_frac_ratio,Gpair_ratio,Oorg_ratio,top_share_ratio,WMI_ratio
Chibi,20110621,3,broadband,0.01,6.000000857923295,6.58093806820499,0.9117242550741478,0.8346354930730839,0.7169992742051022,0.5984330427592189,1.357075993534374,3.59059876996494
Chibi,20110621,3,state_zscore,0.01,4.728071631158083,5.236924262481553,0.9028336852283698,0.8187213246852768,0.5788187013178778,0.4738912138955845,1.3810050881376097,2.240591604674773
Chibi,20110621,3,highpass4,0.01,7.924870858188532,8.38047109682746,0.9456354859559862,0.8703713667943527,0.8151509356868807,0.7094840340374857,1.2767301238759363,5.622569345693708
Chibi,20110621,3,delta,0.01,7.992357646145281,8.953514684332106,0.8926503086135807,0.8980707353958183,1.1766499589600743,1.0567148939467332,1.1043438076900989,8.445643362430925
Chibi,20110621,3,remove_pc1,0.01,5.661479059749966,5.376440185573688,1.0530162829563523,0.9416013081715752,1.0842967878527736,1.0209752738884086,1.318422507919771,5.780230133641711
Chibi,20110621,4,broadband,0.01,5.529104929408723,7.229106307000072,0.7648393445334718,0.742371813492831,0.5809830476868052,0.4313054387198455,1.8396430707444835,2.384733027306676
Chibi,20110621,4,state_zscore,0.01,4.264861205297896,4.969007679596118,0.8582923352705595,0.7103821339026546,0.4772796314254977,0.3390509230403175,1.947829623066636,1.446005128295085
Chibi,20110621,4,highpass4,0.01,7.902415634179387,7.918363472709416,0.9979859678600264,0.9377983958700048,0.7886618761624997,0.7396058423490207,1.1858350222569398,5.844672771709317
Chibi,20110621,4,delta,0.01,7.13507500406406,12.47358707933191,0.572014686608194,0.7122664193019438,0.921838166785702,0.65659437023232,1.5231713903318402,4.684850078853875
Chibi,20110621,4,remove_pc1,0.01,5.41734280973536,6.107890757899914,0.8869416668476916,0.837531804416347,0.7885662712098058,0.6604493320282191,1.579937599339413,3.5778804400576
Chibi,20110621,5,broadband,0.01,5.844471768451386,8.494113813603011,0.6880613913003706,0.8156226599316978,0.6508576880961666,0.5308542788019908,1.6556791517896072,3.102562845619824
Chibi,20110621,5,state_zscore,0.01,4.737923171278279,5.547557512507821,0.854055710210467,0.7989592065913091,0.5714941387710959,0.4566005036841383,1.6867534565476092,2.1633381064224078
Chibi,20110621,5,highpass4,0.01,7.857220171890563,7.656210774871151,1.0262544230991073,0.9689293312907056,0.8189483775348301,0.7935031038064311,1.1526480263730194,6.234728593685678
Chibi,20110621,5,delta,0.01,6.717030580395317,13.330138677557745,0.5038980270853389,0.7557780915671464,0.8405492697125417,0.6352687229315035,1.4974194001907677,4.267119438699594
Chibi,20110621,5,remove_pc1,0.01,5.9801726958079175,7.175357633079755,0.8334320045928012,0.8697363275426991,0.7942602994445264,0.6907970359518469,1.4732851300765424,4.131085572744262
Chibi,20110622,3,broadband,0.01,3.6816390133979433,5.267958429871398,0.6988739684279969,1.0092907456307938,1.1504059753735871,1.1610941046629282,1.0041154458804182,4.274729353953395
Chibi,20110622,3,state_zscore,0.01,3.670062048894347,3.6524926217455578,1.004810256711865,0.8901151580331201,0.6059723837955594,0.5393852041658909,1.261381077524132,1.9795771675443607
Chibi,20110622,3,highpass4,0.01,4.740397792687743,4.594372553626262,1.0317834997830608,0.8637263249716504,0.78466027107204,0.6777317322843122,1.2105976969610952,3.2127180077549964
Chibi,20110622,3,delta,0.01,3.216795080432757,7.364047522033183,0.4368243239615342,1.1309611873305283,1.210420625572095,1.3689387478663777,0.9058947046828788,4.40359542955035
Chibi,20110622,3,remove_pc1,0.01,4.626106553091925,4.873890128617743,0.9491610255900268,0.9766200437148888,1.559985020207708,1.5235126386298237,1.0446097757497217,7.047931801283798
Chibi,20110622,4,broadband,0.01,3.8556164321230746,4.750478310290801,0.8116269942272514,1.034717878299097,1.1775301387634285,1.2184114868145357,0.9599380388141108,4.697727349649646
Chibi,20110622,4,state_zscore,0.01,3.6222361346880807,3.22620439170083,1.1227546971314073,0.8873862283201309,0.6059290700002828,0.5376931120570756,1.28045213017986,1.947651419866024
Chibi,20110622,4,highpass4,0.01,4.419950860606243,4.454470244191326,0.992250619783554,0.8744875889827474,0.7175651942542328,0.6275018566613209,1.3084894198884365,2.773527371382222
Chibi,20110622,4,delta,0.01,3.058111428108329,6.50153518932354,0.470367588432066,1.0640364547056165,1.1194521934676067,1.1911379431496982,0.9481270979771164,3.6426325563995543
Chibi,20110622,4,remove_pc1,0.01,4.709731530420983,4.395521813035381,1.0714840537143464,0.9857016144051104,1.485502143224597,1.4642618607787363,1.0273475928040108,6.896280254502529
Chibi,20110622,5,broadband,0.01,3.68568813603493,4.418567059582128,0.834136516733887,1.0150151614105176,1.0539085215681077,1.069733128131373,1.1168687102225907,3.9427026990773584
Chibi,20110622,5,state_zscore,0.01,3.498328109156469,3.284952294754319,1.0649555291085615,0.8623893498843146,0.5521073080222408,0.4761314624316793,1.4842891563515257,1.665664078678512
Chibi,20110622,5,highpass4,0.01,5.159544912203177,4.469171526388978,1.1544745780594396,0.912213702536421,0.8099903278391571,0.738884275976847,1.299155552649329,3.812306606823276
Chibi,20110622,5,delta,0.01,2.882497970222119,5.833271891365397,0.4941477139937344,1.062132207321398,0.9673035051149668,1.0274042070374847,0.9395630745445688,2.96149054138322
Chibi,20110622,5,remove_pc1,0.01,4.660338158879314,4.334778984569517,1.0751039846480497,0.9769836082393968,1.390022126889931,1.358028833061525,1.0066518285890855,6.328873591574959
George,20110112,3,broadband,0.003,0.7680206282545472,0.8367947534658657,0.9178124325870024,1.341474021730212,6.0113173142432,8.064026013434283,0.5838076192782812,6.193338325098809
George,20110112,3,state_zscore,0.003,0.9445223453136324,1.022086270799883,0.9241121540302568,1.275020527227397,3.412618214914663,4.351158275606311,0.6658886954532723,4.109766219306498
George,20110112,3,highpass4,0.003,1.1306115364896387,0.9992224745700832,1.131491299748923,1.0142934479370629,0.9381020720448336,0.9515107851712572,0.97369564351468,1.0757890708089377
George,20110112,3,delta,0.003,3.676936464034704,4.739605533519416,0.7757895542214833,0.9893479770263378,0.9355531088771336,0.9255875756682934,1.0562389161180994,3.403326707632269
George,20110112,3,remove_pc1,0.003,0.8229716166538603,0.9020994746757164,0.9122847754120454,1.4326833918473552,7.030406830044714,10.072347103335272,0.5759399108515103,8.28925577913067
George,20110112,4,broadband,0.003,1.2253472679075512,1.3740824241033962,0.8917567435644216,0.9768407554088488,2.5319862748552744,2.4733473854144634,1.0287182651252018,3.0307094613039074
George,20110112,4,state_zscore,0.003,1.064932702119774,1.151430684917967,0.9248778203228484,1.0858362391293614,2.9421224355766653,3.194663160504683,0.8885063875330028,3.4021012718787444
George,20110112,4,highpass4,0.003,3.613982765740228,2.96460667852119,1.219042914503235,0.6929500117015116,0.2352701042231059,0.1630304214744171,1.6026148346436628,0.5891891334999092
George,20110112,4,delta,0.003,4.62541050062423,5.681389402338644,0.8141336868619252,0.8616859402920225,0.9851784227757916,0.8489143955849696,1.437771732487887,3.9265775594698273
George,20110112,4,remove_pc1,0.003,0.8423006154416577,0.9225074067641827,0.9130556668332224,1.2644426059737222,5.126939750867923,6.482721059257702,0.7318140940899043,5.460399937949363
George,20110112,5,broadband,0.003,1.2498940731457042,1.42022610154272,0.8800669638362563,1.023822749956894,2.3780208789306374,2.434671875721675,1.015898422100058,3.0430819475190645
George,20110112,5,state_zscore,0.003,1.0993007333717209,1.234239169608595,0.8906707552640172,1.1474583399364902,2.8284562350074296,3.2455356960046404,0.8671553084736575,3.5678197708019868
George,20110112,5,highpass4,0.003,3.672590354847423,2.986148925644536,1.2298751489946953,0.7024920940836076,0.2407284925929201,0.1691098628671907,1.6002301605290696,0.6210712512756141
George,20110112,5,delta,0.003,4.731631589779489,7.019911493423811,0.6740300920050115,0.82546674904987,0.9627268412675009,0.7946989958841342,1.4994110903422024,3.760222873291428
George,20110112,5,remove_pc1,0.003,0.903922262494009,0.9854662227867532,0.9172534193387674,1.380379835757063,5.472670681997551,7.554364257168274,0.6697306286242312,6.828558031043426
George,20110113,3,broadband,0.001,1.6122139740703847,1.9090990876146463,0.8444894162538156,0.9976965581792252,1.0302264583990577,1.0278533916899126,0.904349278154094,1.657119601378117
George,20110113,3,state_zscore,0.001,1.211363425039491,1.5469136197294353,0.7830840776043888,0.9584421745850434,0.9415745415294986,0.9024447511174478,1.0189136097463618,1.0931885646225392
George,20110113,3,highpass4,0.001,2.3519947192398085,2.010660665986145,1.1697621379021972,1.0048546949321293,0.6437290131071038,0.6468541210846995,0.9519028771233708,1.52139747690972
George,20110113,3,delta,0.001,3.2662080443872794,4.32717532897789,0.7548129659813858,1.2117117029123825,1.5579054541255009,1.887732270794899,0.6430693954481523,6.165726328519815
George,20110113,3,remove_pc1,0.001,2.132237263848761,2.223312946585456,0.9590360489392336,0.8817779383333186,0.4505169967050158,0.3972559485386673,1.1995266252643362,0.8470439367597337
George,20110113,4,broadband,0.001,1.633552434585951,1.6747367154960315,0.9754085041971016,0.9780483260021374,1.0072546088328564,0.985143684026913,0.9480995125988644,1.609283863459133
George,20110113,4,state_zscore,0.001,1.2534281908432876,1.42374701905787,0.8803728289262465,0.988132707796908,1.0738441640386376,1.061100541563406,0.981951817937101,1.3300133321146517
George,20110113,4,highpass4,0.001,1.801856443286146,1.6474297753543174,1.0937379366587057,1.013468080652545,0.6620102166723549,0.6709262236633068,1.0490593092970015,1.2089127390773688
George,20110113,4,delta,0.001,3.546055411112113,4.685293644867609,0.7568480611661456,1.1733592376741488,1.446489685494062,1.697252034674832,0.6735027672306809,6.018549761579797
George,20110113,4,remove_pc1,0.001,2.027634241709717,1.827526336066293,1.1094965920295037,0.8818420292181188,0.5277784039257118,0.4654171786953497,1.3050687644769294,0.9436958082026208
George,20110113,5,broadband,0.001,1.8119931846864008,1.8372535566966437,0.9862510147724736,1.0457485653039735,1.123595928895217,1.1749988306235586,0.8353410229175271,2.1290898731043826
George,20110113,5,state_zscore,0.001,1.5837048931025133,1.7157551818091223,0.9230366370991384,1.0303796877111788,1.0840845479617105,1.1170186979813015,0.7975786052203484,1.7690279776799775
George,20110113,5,highpass4,0.001,1.673536010731973,1.5839747169451674,1.0565421233234913,1.0246331903603343,0.6029396358293303,0.6177919626545049,1.102998021493648,1.0338970966430967
George,20110113,5,delta,0.001,4.413653929017794,5.5218345346275575,0.7993093420926803,1.0515252684775518,1.1361711811323898,1.1947127062766931,0.9390262295497288,5.273048430105631
George,20110113,5,remove_pc1,0.001,2.2094934327072093,1.9875712682439912,1.1116549469238832,0.941964660614922,0.6217883528244701,0.5857026547426134,1.158324684382023,1.2941061691729825
George,20110114,3,broadband,0.001,2.26881986995357,2.2365174956436302,1.0144431574413613,0.9637093867941487,1.1151296550172949,1.0746609160326877,1.023014739356206,2.4382120397574707
George,20110114,3,state_zscore,0.001,2.3768231843773013,2.3700056618532845,1.0028765849102177,0.9515659356804868,1.131236657536972,1.0764462685052354,1.0502102257892254,2.5585224477196653
George,20110114,3,highpass4,0.001,0.9386120816094992,1.117715716013571,0.8397592233534483,0.9824916328640048,0.4369841050926836,0.4293332269481267,1.0807485083528878,0.4029773538499046
George,20110114,3,delta,0.001,3.616706788205016,3.27486836808582,1.104382338982071,1.1041530996015716,1.7461370481096354,1.9280026339993923,0.8683240781765499,6.973020214062689
George,20110114,3,remove_pc1,0.001,3.0650627177248864,2.893622133944539,1.0592477441229142,0.8671546136398289,0.8701756304249914,0.754576812599978,1.4865134007713396,2.312825255959874
George,20110114,4,broadband,0.001,1.89487309543764,1.8292981336423564,1.035847061006243,0.9250665291369502,0.7365550336141706,0.6813624084638105,1.097809650161821,1.2910952960406676
George,20110114,4,state_zscore,0.001,1.9275857104853344,1.8896012230702772,1.0201018537410442,0.8914621048788571,0.7157616580695887,0.6380743942942964,1.1422860468917198,1.2299430846682686
George,20110114,4,highpass4,0.001,0.8562427961077841,0.9826143369014382,0.8713925331151261,0.8849643377079409,0.3854503512824926,0.3411098148420043,1.1745104681788,0.2920728216401264
George,20110114,4,delta,0.001,3.425660727205254,3.1685598171547964,1.0811412518263015,1.0246955504860875,1.3660868068794112,1.3998230725870795,0.9803161536587188,4.795318924797309
George,20110114,4,remove_pc1,0.001,2.344446455650392,2.224781646631867,1.053787215118251,0.8796299047743914,0.7738048580125089,0.6806618935675046,1.3460941129195028,1.5957753638706222
George,20110114,5,broadband,0.001,1.8748704646061751,1.9017458115355936,0.9858680656655592,0.964575733078786,0.6926143319566359,0.6680789769879458,1.0798002824831303,1.2525615419790106
George,20110114,5,state_zscore,0.001,1.967545098101305,2.0051367514205025,0.9812523244149974,0.9472624744709128,0.7054190626777699,0.6682170068510962,1.1024143969569893,1.314747096297797
George,20110114,5,highpass4,0.001,0.924971555260494,1.0897621734013745,0.8487829526817449,1.026008937162212,0.4043527678623643,0.4148695535930631,1.0614187786525189,0.3837425362172026
George,20110114,5,delta,0.001,3.5605970283274813,4.096125752534978,0.869259696464135,1.0373088491333085,1.432535640268107,1.4859818963489575,0.9230264018254644,5.290982724288527
George,20110114,5,remove_pc1,0.001,2.300080686763611,2.327998495845495,0.9880078062199332,0.9116727730651454,0.7550559602460166,0.688363961096852,1.2632513569225885,1.5832926523829698
Kin2,20110513,3,broadband,0.01,4.674716337032578,4.720209137344495,0.9903621218915925,0.9260209794028064,0.6472890751775824,0.5994032633526815,1.2437909817745834,2.802040227665424
Kin2,20110513,3,state_zscore,0.01,3.654414580587898,3.317611433068255,1.1015197693625485,0.9171190737585392,0.8324950665745298,0.7634971043653861,1.2348451566300351,2.790134950429507
Kin2,20110513,3,highpass4,0.01,6.094796950298882,4.931795527447352,1.2358170399358566,1.4032897367690411,0.8200420377231482,1.1507565752560651,0.6176077443800866,7.013627665407048
Kin2,20110513,3,delta,0.01,5.994257572587368,6.409371425167949,0.9352332974571366,1.0227194257340726,0.964122606545566,0.9860269185035184,1.0275245100148551,5.910499323014739
Kin2,20110513,3,remove_pc1,0.01,4.434275179143002,4.664761230858305,0.9505899572757136,0.9312888142621288,0.7310483116987427,0.6808171153702532,1.307496831581446,3.0189304362220497
Kin2,20110513,4,broadband,0.01,4.245035070645468,5.1348894978267365,0.8267042693795287,0.9428559475546008,0.7020875115221699,0.6619673859424873,1.279105313122434,2.8100747689493653
Kin2,20110513,4,state_zscore,0.01,3.290249326671303,2.9104329242095472,1.1305016856091643,0.9271118580393264,0.8667552115164727,0.8035790346143062,1.3023784886506649,2.643975377566892
Kin2,20110513,4,highpass4,0.01,7.007031323690892,5.782928240638457,1.211675302219778,1.3670045409589873,0.6702270730816174,0.916203452376222,0.5495655242780287,6.419866289673951
Kin2,20110513,4,delta,0.01,7.255446219728779,13.600611376322362,0.5334647111790844,1.0346653350045358,1.1930528856300824,1.2344104635885775,0.8497824253421695,8.956198731637386
Kin2,20110513,4,remove_pc1,0.01,3.943895803473031,4.608118036525145,0.855858242391511,0.9621663672034932,0.7622256190738493,0.7333878548937192,1.1266835050520996,2.8924052832334257
Kin2,20110513,5,broadband,0.01,4.647609864979883,5.325072369987758,0.8727787233792219,0.9872715541831016,0.6418857955025198,0.6337155869338292,1.115295017258333,2.945262813425184
Kin2,20110513,5,state_zscore,0.01,3.3676478303268564,2.9879165890653088,1.1270889698364497,0.9915530396955162,0.8378533941559613,0.8307760797945488,1.1688030909199385,2.797761262607564
Kin2,20110513,5,highpass4,0.01,7.882305084880987,6.207964340520482,1.269708499037565,1.2813059081071685,0.7868940663472253,1.0082520162651738,0.5808919842871599,7.947349994648484
Kin2,20110513,5,delta,0.01,6.498634497816991,10.572472063079468,0.6146750219857399,0.9733892512631184,0.7334321906543501,0.7139150109133066,1.0943046848388305,4.639472718430634
Kin2,20110513,5,remove_pc1,0.01,4.250021489742312,4.782275633237545,0.8887027464924887,1.021650428278351,0.7349945701782341,0.7509075174048554,1.005980980906218,3.1913730857796816
Kin2,20110524,3,broadband,0.01,3.9125491098723097,4.412765370192336,0.8866433589016713,0.8308280395256966,0.6750258350805254,0.560830391189149,1.351409392237878,2.1942764478364456
Kin2,20110524,3,state_zscore,0.01,2.0214575629904763,2.2550475585551526,0.8964146034621365,0.8815689303866469,1.044373868700466,0.920687554354034,1.2706573752500685,1.8611308199001653
Kin2,20110524,3,highpass4,0.01,2.571636113592581,2.539540935574795,1.0126381810067264,1.8201726084479315,1.356683325080987,2.4693978266504737,0.7100261751357599,6.350392629841511
Kin2,20110524,3,delta,0.01,4.706184811651168,6.07679646302176,0.7744516111883992,0.9016760155214808,0.5317460753384666,0.4794626824803737,1.1221900213883165,2.2564399940426587
Kin2,20110524,3,remove_pc1,0.01,4.078881660004658,4.551421898473733,0.8961774476175157,0.9216357240956116,0.8647843956216341,0.7970161926453305,1.1028625752240002,3.250934730907776
Kin2,20110524,4,broadband,0.01,3.982866581779963,4.437404853241258,0.8975666439069037,0.8738925572301749,0.8043976759591946,0.7029571420739902,1.2939753532145395,2.799784509590044
Kin2,20110524,4,state_zscore,0.01,2.32616102484925,2.4699801352242847,0.9417731712397052,0.9224037894334568,1.188749394050327,1.0965069457587475,1.1501891516289455,2.550651720700487
Kin2,20110524,4,highpass4,0.01,3.963704955656253,3.915004254301104,1.0124395015156484,2.395312149303852,1.5849801547760445,3.796522221140559,0.4642414306320394,15.048293942193684
Kin2,20110524,4,delta,0.01,4.6883677905638015,6.289621548784951,0.7454133375432604,0.9643370894751796,0.5679191919038143,0.5476655405776205,1.0439584686369834,2.567657480445825
Kin2,20110524,4,remove_pc1,0.01,4.182188564982874,4.505113193976333,0.9283204183581374,0.9255091998167666,0.9320310359603716,0.8626032982960755,1.112690625707932,3.607569650250357
Kin2,20110524,5,broadband,0.01,4.262137837390027,4.686990286711551,0.9093549541747384,0.9911532646816952,0.7510421743007207,0.7443979029717981,1.118543090435619,3.172726468329889
Kin2,20110524,5,state_zscore,0.01,2.748769995809521,2.831831501383571,0.970668627164622,0.9738978611269532,0.9020687041197218,0.8785227815317597,1.0706527243947004,2.4148570625096184
Kin2,20110524,5,highpass4,0.01,7.813629279436308,7.707891344416478,1.0137181403181592,1.1920017072454812,0.7735468392602929,0.922069153032615,0.7669482174947246,7.2047065318006895
Kin2,20110524,5,delta,0.01,4.208052423082071,4.8013301566988495,0.8764347140783406,1.0454483857012071,0.7156203734795258,0.7481441642290653,1.047185916561454,3.1482298630988157
Kin2,20110524,5,remove_pc1,0.01,4.960759188737496,5.33222704455992,0.930335326549644,1.0045094421023164,0.7671210447045114,0.770580332641075,0.9516026208118774,3.822663465809608
Kin2,20110525,3,broadband,0.01,3.037537975506631,2.8591783224832006,1.062381437219531,0.8875385604266438,0.5669762525117024,0.5032132869503296,1.377008402661246,1.5285294688911413
Kin2,20110525,3,state_zscore,0.01,2.095659490546653,2.0241710951834486,1.0353173679504233,0.8329163519226663,0.7474684170524071,0.6225786671087011,1.4733668045403046,1.3047128923382345
Kin2,20110525,3,highpass4,0.01,4.09974445301228,3.6778983497152447,1.1146975971561843,1.0620860371726355,1.1874230194622577,1.2611454091882344,0.8014163890463608,5.17037389576137
Kin2,20110525,3,delta,0.01,4.699511297167999,4.795815574438453,0.97991910327333,0.7690434894748461,0.6212250956107078,0.4777491152778036,1.574282926458089,2.245187364460056
Kin2,20110525,3,remove_pc1,0.01,3.4851441506020557,3.231782540121588,1.078396862206866,0.925519822778212,0.5935185601046481,0.5493131925636335,1.127991781447697,1.9144356599116887
Kin2,20110525,4,broadband,0.01,3.211600600801693,3.108290790678065,1.0332368549408122,0.9084357763566588,0.7207772904628551,0.6547798774418727,1.3218291300476972,2.102891447785176
Kin2,20110525,4,state_zscore,0.01,2.3482508792356573,2.2529618769191844,1.0422949910039208,0.869794190734388,0.8429144471359526,0.73316208940494,1.3497421400040257,1.7216485210673986
Kin2,20110525,4,highpass4,0.01,6.855723468397773,6.343041352752199,1.0808259141213268,1.0749678165386434,0.9276246047740792,0.997166595961514,0.8478316786880546,6.836298433835653
Kin2,20110525,4,delta,0.01,4.610582020181477,5.1777051955584446,0.8904682375768594,0.7810796462223109,0.6374556027504457,0.4979035966787479,1.5775042605095433,2.295625370630725
Kin2,20110525,4,remove_pc1,0.01,3.5811676941104813,3.4160008345484445,1.0483509423919302,0.9442305615403628,0.8335646867811581,0.7870772522795895,1.039968876700187,2.8186556286329125
Kin2,20110525,5,broadband,0.01,3.10024088940585,3.234884011824818,0.9583777588541684,0.9696042432439952,0.742935780637199,0.7203536853636183,1.1134142444192467,2.2332699501984856
Kin2,20110525,5,state_zscore,0.01,2.292297054997284,2.297731763342654,0.9976347507432876,0.9350733189783356,0.8504764727375683,0.7952578580757058,1.139010448545874,1.8229672460303867
Kin2,20110525,5,highpass4,0.01,4.78951123849787,4.383118965911207,1.09271760035429,1.1935682673553742,0.7357635635016802,0.8781840416719161,0.9836592228187484,4.206072337057146
Kin2,20110525,5,delta,0.01,4.063139154471775,4.347721925237575,0.9345443945911396,0.8610143468519116,0.5451037627457277,0.4693421602470321,1.5782073590136756,1.907002508144083
Kin2,20110525,5,remove_pc1,0.01,3.3701857751346926,3.487929415645918,0.9662425392030416,0.9998728576458146,0.8011959015130081,0.8010940355799261,0.9257340205418751,2.699835723256709
Su,20110523,3,broadband,0.003,0.7556029525048986,0.7740351496905102,0.9761868731762612,0.9005258821820861,0.6139594843620158,0.5528864062791629,1.4298135633189275,0.4177626009843596
Su,20110523,3,state_zscore,0.003,0.698600968837988,0.7685149731857426,0.9090271409313752,0.8497407325070807,0.6051887650082338,0.5142535444831522,1.5395211622987746,0.3592580244042997
Su,20110523,3,highpass4,0.003,0.5642887937745122,0.4826436529261686,1.1691623630671326,0.9452616056984656,0.5158179851077678,0.4875829368511158,1.2310590682056564,0.2751375873007503
Su,20110523,3,delta,0.003,0.9365631928560758,0.9271939353053642,1.0101049599160998,1.3893906778164342,0.9250227535234504,1.2852179905135712,0.7344672214384602,1.2036878647114837
Su,20110523,3,remove_pc1,0.003,0.8752130041062012,0.8667001339691869,1.0098221631719708,0.895101944307142,0.6312743501023665,0.5650548981678558,1.4438598602755894,0.4945433949104117
Su,20110523,4,broadband,0.003,2.877437827724732,2.865790243096937,1.0040643535080251,0.4963164026131857,0.3144744328749401,0.156078819238312,2.3609699179083137,0.4491070985829308
Su,20110523,4,state_zscore,0.003,2.6234382423886724,2.608912850901697,1.0055676031807486,0.4976044103915513,0.2900446671577646,0.1443275055882532,2.349097234185101,0.3786342975887878
Su,20110523,4,highpass4,0.003,5.584816381658991,4.733587776620827,1.17982736250131,0.3833411707734004,0.3364868050595573,0.1289892458013316,2.0052747793878147,0.7203812530091147
Su,20110523,4,delta,0.003,2.031668095004004,2.314719199014801,0.8777168720373207,1.1290070639172076,0.9265992886643112,1.046137142322667,0.928202940646495,2.12540345505566
Su,20110523,4,remove_pc1,0.003,1.5149918990911078,1.490056018996114,1.016734860822074,0.7591136915403714,0.4346294396324472,0.32993315837151,1.6516089230661568,0.49984606217438
Su,20110523,5,broadband,0.003,2.914017132510861,2.84593270065723,1.0239234159816597,0.5361608286300602,0.3419699866113747,0.1833509113881652,2.4756238537772908,0.5342876970465944
Su,20110523,5,state_zscore,0.003,2.6549674827729723,2.56966176743885,1.033197254368284,0.5411253332542746,0.3289453377210298,0.1780006554967321,2.4478582658714414,0.4725859522560968
Su,20110523,5,highpass4,0.003,5.534449009517093,4.351060126158256,1.2719771386849816,0.3757213139954391,0.2838837206268524,0.1066611645358351,2.4004330877564204,0.5903107764192944
Su,20110523,5,delta,0.003,2.1727628577183253,2.634856666222336,0.8246227908987069,1.044030215811184,0.8557536745196336,0.8934326934899469,1.0197861534103307,1.941217372286228
Su,20110523,5,remove_pc1,0.003,1.5740330351998009,1.5961477970285909,0.986144915984623,0.8498600645320238,0.5237661269348802,0.4451279144365654,1.2367685659654062,0.7006460422127443
Su,20110526,3,broadband,0.003,1.6519467927401643,1.7955330715524498,0.920031392856419,0.7910852624756083,0.4491480632012075,0.3553144134679383,1.445724333788803,0.5869605057427147
Su,20110526,3,state_zscore,0.003,1.1602419078642017,1.080310803407235,1.0739889892842582,0.8924252610786199,0.791525456958637,0.7063773125766855,1.2520193761967748,0.8195685608159613
Su,20110526,3,highpass4,0.003,2.269734364005256,1.7577293345001894,1.291287753726119,0.947074648903348,0.4839860039188254,0.4583708747355561,1.2707771709349165,1.040380125846443
Su,20110526,3,delta,0.003,3.1667567845343063,3.426386082793134,0.9242264905397988,0.822405594945249,0.6458386367245661,0.5311413082740952,1.7037527675585955,1.681995341523419
Su,20110526,3,remove_pc1,0.003,1.307536366510205,1.486807304649246,0.8794255734563177,0.9821711695362296,0.9591834073967132,0.9420822890425756,1.0867942708316545,1.231806853168346
Su,20110526,4,broadband,0.003,1.8638308524171885,2.282822502145829,0.8164589453035473,0.8858592522383619,0.5301184578654804,0.469610340682468,1.2073151752747433,0.8752742415781333
Su,20110526,4,state_zscore,0.003,1.524550589802045,1.4605275077800757,1.0438355879508778,0.9121408933993632,0.7533328926307264,0.6871457377113174,1.1758982922001078,1.0475884397077515
Su,20110526,4,highpass4,0.003,2.6892002522938467,2.434643841702393,1.1045559133665557,1.0063421482602186,0.431743438321883,0.4344816192180969,0.997297763007162,1.1684080800183465
Su,20110526,4,delta,0.003,3.0921767551410126,4.5427638513250335,0.6806818175765588,0.8606095697952667,0.7680439378524652,0.6609859629390726,1.6874020634281872,2.043885430074699
Su,20110526,4,remove_pc1,0.003,2.9069445469422037,3.685243659554012,0.7888066069677468,0.7720741855671837,0.3168162327917709,0.2446056349071698,1.5214098916570011,0.7110550165447316
Su,20110526,5,broadband,0.003,7.2379960223144355,7.017565752671843,1.0314112154287498,0.3796768748386437,0.1196457150306641,0.0454267111706775,2.5084126304446985,0.3287983547601904
Su,20110526,5,state_zscore,0.003,2.5467343361494126,2.5268565923400845,1.0078665896076515,0.5989046246903955,0.3946532764355047,0.2363596724064408,1.9315372214670925,0.6019452933985111
Su,20110526,5,highpass4,0.003,10.164443401892289,8.343726014828322,1.2182139470817015,0.4355171769807558,0.1780079965002676,0.0775255401157968,2.182934445807976,0.7880039647081554
Su,20110526,5,delta,0.003,6.189364636883751,7.966419113428604,0.7769318370973781,0.7740366180927972,0.5576238025743744,0.4316212423127143,1.564767327854212,2.671461253698161
Su,20110526,5,remove_pc1,0.003,3.56344636713483,4.310296312178764,0.8267288624836057,0.6020084528183121,0.1748786252674311,0.1052784106282396,1.774640539112002,0.3751539698909291
Su,20110527,3,broadband,0.003,1.1133643733443714,1.1923474337236724,0.9337583508418862,0.8529350375628693,0.405314595272026,0.3457070195431246,1.4884684769824192,0.384897879174381
Su,20110527,3,state_zscore,0.003,0.807728115844021,0.9003333830793325,0.897143359364748,0.8987057222991777,0.6258418541636912,0.5624476555912368,1.379807711381344,0.4543047851115965
Su,20110527,3,highpass4,0.003,0.4052353781844394,0.4194057447054822,0.9662132274058536,1.1320743306131338,1.1614616006543437,1.3148608640936246,0.7740704456965519,0.5328281395208979
Su,20110527,3,delta,0.003,1.2702624148493011,1.397658449949367,0.9088503810750896,1.208812052266284,0.7752545813247989,0.9371370814800688,0.8222990893268531,1.1904100121657115
Su,20110527,3,remove_pc1,0.003,1.2005776234411003,1.2803467711008751,0.937697232140331,0.8351922860214537,0.3885230160648207,0.3244914259591276,1.6140200723432545,0.3895771450050231
Su,20110527,4,broadband,0.003,0.9066734213220902,1.114968977207005,0.8131826444116008,0.899263668742077,1.120643959372787,1.0077543982592196,1.219217360126317,0.9137041281220728
Su,20110527,4,state_zscore,0.003,0.8915139433055029,0.8544643081011356,1.043360073502312,0.8692240592566493,1.1137381843588066,0.9680880255574922,1.2914227573665027,0.863063973131598
Su,20110527,4,highpass4,0.003,1.1018854292399023,0.8081678328213399,1.36343638597095,1.1296764452447488,1.50311132466799,1.6980294580580602,0.9108151651038542,1.871033918254304
Su,20110527,4,delta,0.003,3.518371087338344,4.546024109150012,0.7739446608425902,0.9929596099575256,0.7748728985321098,0.769417491093101,1.03987194351148,2.707096254754433
Su,20110527,4,remove_pc1,0.003,0.9086963750291392,1.1429789496076403,0.7950245937084622,0.9147212264666748,0.9914546833684864,0.9069046439569506,1.2323112972054535,0.824100962460776
Su,20110527,5,broadband,0.003,1.3075769079888648,1.4670080651279425,0.8913222354199033,0.8091230698080812,0.9357423640719834,0.7571307341673943,1.593020673825025,0.9900066643259412
Su,20110527,5,state_zscore,0.003,1.386732598618292,1.326956560250142,1.045047471905849,0.7298098137056497,0.7527524065107917,0.5493660935621204,1.834774947177687,0.7618238705181785
Su,20110527,5,highpass4,0.003,1.0645752368290935,1.071481881994515,0.9935541185702874,0.8750644229055172,1.0962350291903713,0.9592762731872851,1.2919685535327972,1.0212217657128857
Su,20110527,5,delta,0.003,3.1781739300424903,4.771534221031144,0.6660696083943575,0.9372071571129108,0.7560583313854633,0.7085832793693011,1.274950185429882,2.252000905755564
Su,20110527,5,remove_pc1,0.003,1.2711197094783655,1.5127356824737297,0.8402787904095333,0.9016470774494084,0.8387926791876236,0.7562949677754799,1.3053527004844172,0.9613414397187195
