day,date,animal,k,fit_r2_awake,fit_r2_deep,Q_awake,Q_deep,Q_ratio,Q_recovery_eyes_closed,Q_recovery_eyes_closed_ratio,Q_recovery_eyes_open,Q_recovery_eyes_open_ratio,Cspec_awake,Cspec_deep,Cspec_ratio,Cspec_recovery_eyes_closed,Cspec_recovery_eyes_closed_ratio,Cspec_recovery_eyes_open,Cspec_recovery_eyes_open_ratio,Aspec_awake,Aspec_deep,Aspec_ratio,Aspec_recovery_eyes_closed,Aspec_recovery_eyes_closed_ratio,Aspec_recovery_eyes_open,Aspec_recovery_eyes_open_ratio,Deff_frac_awake,Deff_frac_deep,Deff_frac_ratio,Deff_frac_recovery_eyes_closed,Deff_frac_recovery_eyes_closed_ratio,Deff_frac_recovery_eyes_open,Deff_frac_recovery_eyes_open_ratio,Gpair_awake,Gpair_deep,Gpair_ratio,Gpair_recovery_eyes_closed,Gpair_recovery_eyes_closed_ratio,Gpair_recovery_eyes_open,Gpair_recovery_eyes_open_ratio,Oorg_awake,Oorg_deep,Oorg_ratio,Oorg_recovery_eyes_closed,Oorg_recovery_eyes_closed_ratio,Oorg_recovery_eyes_open,Oorg_recovery_eyes_open_ratio,top_share_awake,top_share_deep,top_share_ratio,top_share_recovery_eyes_closed,top_share_recovery_eyes_closed_ratio,top_share_recovery_eyes_open,top_share_recovery_eyes_open_ratio,WMI_awake,WMI_deep,WMI_ratio,WMI_recovery_eyes_closed,WMI_recovery_eyes_closed_ratio,WMI_recovery_eyes_open,WMI_recovery_eyes_open_ratio
20110112_george,20110112,George,3,0.3820085556159185,0.9198289205157169,0.4584326191424015,0.9902673562141814,2.160115390712583,0.3138426692064974,0.6845993415425122,0.2231340010980603,0.4867323828646427,0.4876759366466372,1.117047137972222,2.2905520941904047,0.3342823286130358,0.6854599612021699,0.2445314643765759,0.5014220427975715,0.940035348667562,0.8865045373213307,0.9430544697897716,0.9388551004435558,0.9987444639973602,0.9124960735295652,0.9707040004644166,0.9403699286140004,0.76096347615024,0.8092171527345782,0.914433863428138,0.9724192954318636,0.9607520086041316,1.0216745339997975,0.3317898044702836,0.2626290314846374,0.7915524465977359,0.4542658508899289,1.3691374622411423,0.4481638693767865,1.3507463560922222,0.3120051547445737,0.1998511007365205,0.6405378170759092,0.4153960770527481,1.3313756863819013,0.4305743376875472,1.3800231539124457,0.4751632660670704,0.6879923432861684,1.4479072613939326,0.5180610194621019,1.0902800289047943,0.4545205951152372,0.9565566776180054,0.1430333402754851,0.1979060211628483,1.3836355969991145,0.1303690136001428,0.9114589182427639,0.0960757747383697,0.6717019581121844
20110112_george,20110112,George,4,0.3820085556159185,0.9198289205157169,0.559658081226533,1.083834406641501,1.9366010122934274,0.3699888834553477,0.6610980808934074,0.218562127758539,0.39052795821252784,0.6335814399053735,1.2249451466453545,1.9333665247964051,0.5524777883143928,0.871991749627177,0.2920368870419051,0.46093030611111546,0.883324614606954,0.884802400833784,1.0016729820525692,0.6696900604532576,0.7581471741860656,0.7484058947908762,0.8472603190435132,0.937551091033083,0.7217137618148226,0.7697860614930006,0.9060581655860186,0.9664093767814163,0.7838268231874732,0.8360363831732928,0.3347863680026328,0.2759575021112611,0.82427938675535,0.5082129625856872,1.5180216733964822,0.4539284084231194,1.3558748258816489,0.3138793245838716,0.1991623269497401,0.6345187827002667,0.4604705046074236,1.4670303793277772,0.3558012623288395,1.1335606854658118,0.3815343064443901,0.6221483120407081,1.6306484149188514,0.4335851763324038,1.1364251366360425,0.4549306763420535,1.1923716128745059,0.1756651005332893,0.2158589824549128,1.2288097168965364,0.1703689678638214,0.9698509683859246,0.0777646809537675,0.4426871400049707
20110112_george,20110112,George,5,0.3820085556159185,0.9198289205157169,0.6254845948511303,1.255180584461119,2.006733011162107,0.4725901964128711,0.755558490653716,0.2845108795719883,0.45486472714760284,0.7009739032745697,1.4013310979841782,1.9991202118052038,0.6906486936820556,0.9852701940196629,0.3841946536621732,0.5480869571141298,0.8923079617218355,0.8957059372097733,1.0038080748280906,0.68427002141038,0.7668541028032333,0.7405383621557682,0.8299134311508258,0.9162785231875108,0.7331134746011528,0.8000989394041769,0.9044174796777356,0.9870551985999698,0.8083622151741435,0.88222324840928,0.3621336100686404,0.3010481336697039,0.8313178487151245,0.498396052330764,1.3762767069212267,0.49675208618796,1.3717370395247306,0.3318152494302557,0.2207024432967889,0.665136529064733,0.4507581015303224,1.3584610782786442,0.4015556167832764,1.210178306972837,0.3392809147411347,0.5426871621674587,1.5995216311578249,0.3390737949424686,0.9993895330103547,0.350057974480769,1.0317644148886387,0.2075453268553099,0.2770214217692611,1.3347514298039889,0.2130238597369087,1.0263968019160372,0.1142469417280851,0.550467425401162
20110113_george,20110113,George,3,0.3708947325151932,0.9025771159515529,0.7020305461399018,1.1047191675169723,1.5736055554722572,0.7377886141663663,1.0509352024966427,0.2250704233703095,0.32059918846530805,0.7837239224383901,1.241229681811222,1.5837588291925557,0.7576843052642849,0.9667745025657907,0.2324257492314864,0.2965658474585581,0.8957625587792233,0.8900199404714112,0.9935891288918814,0.9737414501532022,1.0870530818794786,0.9683540834632256,1.081038802049209,0.9531608258953764,0.9347351438564184,0.9806688634925282,0.7522753827268637,0.789242866774549,0.7734429695856497,0.8114506477530651,0.3297978807679292,0.3627309694076875,1.0998583998268094,0.4003629022926125,1.2139644480442802,0.3427955686112081,1.0394110714508351,0.3143504204113043,0.3390573848704729,1.078596886960868,0.301183155551813,0.9581127811368508,0.2651328225474541,0.8434307872104875,0.4238930059814627,0.5110800030353911,1.205681612632555,0.6517041920102229,1.5374261495570007,0.6719916694978809,1.5852860509976612,0.2206835973206555,0.3745631919545881,1.6972860534366945,0.2222095029448249,1.0069144496586768,0.0596735566201205,0.2704032259063378
20110113_george,20110113,George,4,0.3708947325151932,0.9025771159515529,0.7996918438084786,1.218995036907214,1.5243309611635305,0.8236705095777018,1.029984882245424,0.3061803404004944,0.38287290632142895,0.893613842933763,1.407862305338965,1.5754705642393674,0.8580887303348231,0.9602455659344871,0.3438223944193309,0.38475500031484616,0.8948964366790296,0.8658481957251649,0.967540108817884,0.9598896716150888,1.0726265434436746,0.8905188997871742,0.9951083312968588,0.8864530512981929,0.8545833728470398,0.9640480921076637,0.7144903374836166,0.8060103537770665,0.796166884879327,0.8981489586090954,0.3723696512376115,0.3796984345621309,1.0196814732354298,0.3995826631134405,1.0730806385143996,0.4531629104407507,1.2169705799992396,0.3300882135504246,0.3244839688728468,0.9830219788301477,0.2854979518205243,0.8649141050803116,0.3607933027484619,1.0930208590842239,0.3789685847824818,0.47017933129097,1.2406815503212247,0.5819473871881109,1.5356085189017283,0.5355184204275543,1.413094493663447,0.263968852113586,0.3955443476119534,1.4984508378350274,0.2351562434594012,0.8908484526735498,0.1104678162497424,0.41848807298752055
20110113_george,20110113,George,5,0.3708947325151932,0.9025771159515529,0.8260771926507937,1.5430816677070769,1.8679630444165782,0.8872779286378014,1.074085977111438,0.307940431776208,0.37277440233891457,0.9943414284980332,1.7663373101002793,1.7763891350361987,0.9776896812584605,0.9832534914443568,0.3561482900532167,0.3581750491792178,0.8307782105575093,0.87360531812549,1.0515505907879321,0.9075251029505772,1.0923795200906454,0.8646410508673078,1.0407603857196426,0.7982965973299887,0.7724061929483659,0.9675679384476688,0.6074011856475138,0.7608715703900649,0.6946740311998807,0.87019540547124,0.4149998072044517,0.3253661988193011,0.7840153011420747,0.4188398382499526,1.0092530911553148,0.4998956944189887,1.2045684979624884,0.3312929339839151,0.2513148669440975,0.7585880686374654,0.2544038143494341,0.7679119843883717,0.3472645572215026,1.0482099725023504,0.3556199856874614,0.4641592230877812,1.3052112979266304,0.5889078995056176,1.6560033834070917,0.526664100683686,1.480974416175101,0.2736735368504776,0.3877993640036773,1.4170144781501208,0.2257268894335227,0.8248034940873707,0.1069367976913631,0.390745846025253
20110114_george,20110114,George,3,0.37142721770155784,0.9068836448310386,0.5013391692645637,0.6561822868109422,1.3088590061166068,0.2427118591095665,0.4841270620558356,0.2501529348148367,0.4989694604987617,0.5249139604314075,0.7887943922299014,1.5027117807680717,0.2445842642962086,0.4659511514900343,0.268598839170559,0.5117006965290225,0.9550882755195376,0.8318800098919716,0.8709980336000412,0.992344539449298,1.0390081889650402,0.931325450204164,0.9751197602101781,0.907087075939727,0.8269039466633087,0.9116037132451149,0.9238423859167164,1.0184715562832058,0.9487860785855236,1.0459702312510595,0.3092434304180601,0.3874250475975169,1.2528157738832628,0.3657905024523237,1.1828561788938208,0.3901050669594141,1.2614821483257987,0.2805107190514885,0.3203633008946069,1.1420715114840347,0.3379327705312293,1.2047053733771964,0.3701262567167656,1.3194727744034191,0.5354056645836717,0.6024136453402151,1.1251536642008606,0.4976406869121018,0.9294647401593412,0.4804874215838872,0.8974268547522959,0.1406310108590787,0.2102167233913255,1.494810583435087,0.0820202909896812,0.5832304730559804,0.0925881693697287,0.6583766183868791
20110114_george,20110114,George,4,0.37142721770155784,0.9068836448310386,0.5256360810646502,0.7014591669059025,1.3344958464136085,0.2939629097243073,0.5592517719272615,0.2810257677158879,0.534639416583968,0.6400246757781607,0.8723009032087428,1.362917612743874,0.3180908977709507,0.4969978655654276,0.3263851853897709,0.5099571903113614,0.8212747116750874,0.8041481607156405,0.9791463797484825,0.9241475055849686,1.1252599068831182,0.8610248880637319,1.0484005848756373,0.9378726522625164,0.8020876618878184,0.8552202262779159,0.9180479898476868,0.9788620956512541,0.9431149317808248,1.0055895429999606,0.3793702205758456,0.3904935517093036,1.0293205173473394,0.3877905414503309,1.022195524102298,0.4168270956485833,1.0987343577360447,0.3558009549608841,0.3132100598727853,0.8802957257582933,0.3560103270604223,1.0005884528881077,0.393115857877013,1.1048757806741445,0.4034090924481389,0.531735190041529,1.3181041280319863,0.4247449264798483,1.052888827820489,0.3972592956160449,0.9847554332631098,0.187021819604699,0.2197040676649123,1.1747509896400994,0.1046538316345839,0.5595808652476314,0.1104756857611774,0.5907101427773813
20110114_george,20110114,George,5,0.37142721770155784,0.9068836448310386,0.5871725670449546,0.7727765618620086,1.3160978649788384,0.326325525102442,0.5557574440930211,0.3387020595838986,0.57683563332748,0.7044045745820131,0.9699937939413164,1.3770407361662882,0.3516044406120711,0.4991512737132773,0.3934320108697992,0.5585313115027084,0.8335729043119533,0.7966819650691093,0.9557435959686159,0.9281041062347688,1.113404840097152,0.8608909550473446,1.0327722393495264,0.8830533346075888,0.7712812099934597,0.8734253977266295,0.8931086171224427,1.011386948127343,0.8973378064343563,1.0161762277168855,0.4043404963514245,0.3973273254705395,0.9826552844838237,0.4135727487032959,1.022832865951293,0.488835940251376,1.2089710149302333,0.357054223620013,0.3064511003523829,0.8582760826784579,0.3693653856739281,1.0344798107388222,0.4386509703314458,1.2285276053708591,0.3761677135124193,0.481159114539977,1.2791079543941013,0.3821778530470033,1.0159772870416366,0.3446011832859976,0.9160838926560891,0.2096524450572063,0.2368182277091444,1.1295753199755223,0.1205333534347107,0.5749198555820404,0.1485719870897364,0.7086584993043925
20110513_kin2,20110513,Kin2,3,0.3078889932132508,0.8896664553532285,0.298722420038399,0.674701206615846,2.2586225919337326,0.1453375653972857,0.4865304900067542,0.1700498840041709,0.5692571852568414,0.3043412737437743,0.7761685450805489,2.5503229829221494,0.1551648180513643,0.5098382356840564,0.1770497733003792,0.5817474939315588,0.9815376546327206,0.8692715144051955,0.885622176900046,0.9366657159948109,0.9542840374731214,0.9604637206491504,0.9785296734321866,0.9144516135880408,0.9078588918810176,0.9927905188103334,0.8973263851858917,0.9812726795516772,0.8709833988819282,0.9524652654550457,0.6517542583831765,0.4765347300092792,0.7311570640005194,0.5692856136339614,0.8734666575807312,0.6262920058550014,0.9609327408288212,0.5959977332413726,0.4326262919290441,0.7258858009009158,0.5108350018204947,0.8571089675832912,0.5454899399521697,0.9152550580779678,0.5045546314468043,0.4703376641556681,0.9321838208222972,0.5298941057099706,1.0502214679716757,0.544629522296948,1.079426266953946,0.1780378852112627,0.2918934811782646,1.6395020690787185,0.0742435154843088,0.417009645987483,0.0927605010143086,0.5210155181535517
20110513_kin2,20110513,Kin2,4,0.3078889932132508,0.8896664553532285,0.3462578081464253,1.0131022914786052,2.9258612156702184,0.2070838049636595,0.5980624843442895,0.2206782734534768,0.6373236018410782,0.3683371044509151,1.2338666149086697,3.349829816216888,0.2273508303266669,0.6172357538227969,0.253361686617702,0.687852740210334,0.9400568228460076,0.8210792635422709,0.8734357791866943,0.9108557231399292,0.9689368780733143,0.8710009646662117,0.9265407616842455,0.8937565438963162,0.8775222024166208,0.9818358348360483,0.9084908371476612,1.0164858018125509,0.892594317466407,0.9986996163129139,0.687312619329301,0.4366770348675189,0.6353397603751851,0.601340654917523,0.874915777778572,0.6916635436994845,1.0063303426240437,0.6142901512280805,0.3831937933817048,0.6237993440325048,0.5463124749969434,0.8893394658937033,0.6173749487048378,1.0050217270626758,0.4355760419444509,0.4213937552754265,0.9674401590002211,0.3749756319638451,0.8608729495082419,0.4170516124195174,0.9574714223439866,0.2127027613301708,0.3882145101553844,1.825150307065234,0.1131324660214813,0.5318805703978139,0.1362412377536127,0.6405240670201283
20110513_kin2,20110513,Kin2,5,0.3078889932132508,0.8896664553532285,0.3776904734358574,1.1133278224173873,2.9477254543632596,0.3353210129091538,0.8878196208094215,0.2599521135449403,0.6882675943085115,0.4151686066945716,1.410409561735728,3.39719703993257,0.3817386736225027,0.9194786587111524,0.2960586835462893,0.7131046971576338,0.9097279210075584,0.7893649140092787,0.8676934012699389,0.87840461572083,0.9655684907944381,0.8780425232968934,0.9651704680278778,0.8875527416630353,0.7804254524991698,0.8793003681526151,0.7645392009630239,0.861401430105982,0.8643522403194017,0.9738601434545038,0.7122662244446195,0.4472544049014454,0.6279315086857956,0.4860675652036197,0.6824239989515503,0.6983639842376366,0.9804816798412377,0.632173840299801,0.3490487213274575,0.5521404067620471,0.3716177079148179,0.5878410086355086,0.6036324743341845,0.9548520293847006,0.3643909139003207,0.3757861404299374,1.0312719831777526,0.5049787783328678,1.3858160537751634,0.3873622672973096,1.0630404121527375,0.2387660370365957,0.3886056528330711,1.6275583313949689,0.1246112262329753,0.5218967813830077,0.1569155375075332,0.6571937091852085
20110523_su,20110523,Su,3,0.22239528656589225,0.6360838758310752,0.1900872275542869,0.0863572188337191,0.45430311097075887,0.1563787865442926,0.822668564091885,0.0994262891827603,0.5230561277683173,0.193286445077685,0.0893342573714722,0.4621858368576611,0.1592499291943412,0.8239063485819507,0.1043433423543107,0.5398378676392614,0.9834483089483472,0.9666752864427592,0.9829446831592763,0.9819708387653678,0.9984976636092249,0.9528762155724904,0.9689133703340757,0.9186150482716764,0.9377562859159672,1.0208370608344637,0.8294242410580882,0.9029073087999203,0.8274723732586331,0.90078251473833,0.6913886328208793,0.4335940955164583,0.6271351233348831,0.390126513101427,0.5642651536078965,0.4859919580141849,0.7029215334815792,0.6351200023132404,0.4066055886066071,0.640202776051241,0.3235803870457894,0.5094791312936795,0.4021449188826075,0.63317942659326,0.4917914014405976,0.4994662703462684,1.0156059436647102,0.5364312080871495,1.090769798975316,0.5655860839741146,1.1500528116541917,0.1207282004039962,0.0351133277943139,0.29084611281219447,0.0506011082757532,0.41913246537615295,0.0399837769981998,0.3311883790564338
20110523_su,20110523,Su,4,0.22239528656589225,0.6360838758310752,0.2598576175262095,0.2547055629263713,0.9801735479264195,0.162666387796433,0.6259827568072978,0.1071190100464938,0.4122219354823788,0.2686807088093418,0.2609734581450181,0.9713144620673424,0.1683308005209058,0.6265086960164111,0.1137094260514544,0.42321395739708134,0.9671614262064744,0.9759826333942208,1.009120718577814,0.966349517099996,0.9991605236887259,0.9420416034640922,0.974027269841695,0.9380866218678744,0.6614943638350091,0.7051527528639865,0.7213035077891268,0.7689092787112781,0.7595610621670642,0.809691817856502,0.6524941326681486,0.3495989488838127,0.5357886475610883,0.384942338122066,0.5899552484065684,0.495852478377806,0.7599340033146186,0.6120960167032722,0.2312577342892856,0.37781283978097374,0.2776602587839943,0.4536220645242274,0.3766302351548176,0.6153123445947826,0.3559074910225353,0.6719022072906777,1.8878563228896306,0.5070171065796741,1.4245755410289211,0.519560395969804,1.4598186581493067,0.1590578125977955,0.0589026313932296,0.37032215162027177,0.0451659913310152,0.28395959049949354,0.0403442579433622,0.25364524561506113
20110523_su,20110523,Su,5,0.22239528656589225,0.6360838758310752,0.3164500927719026,0.8414616685214564,2.6590659561853327,0.1962394288512517,0.6201275756702058,0.1516034138721329,0.47907527074548445,0.3448760125675905,0.8828087696822188,2.559785944837789,0.2026050374011103,0.5874721059685263,0.1650349897496636,0.47853426662232484,0.9175764078688516,0.9531641476832566,1.038784497409933,0.9685811930862496,1.0555864174143936,0.9186137685232412,1.0011305441655796,0.9213920532189686,0.4565441741186776,0.49549393499075467,0.7536967287405207,0.8179978610705523,0.7931398053911835,0.8608059974256084,0.6721409694456916,0.1797237689573975,0.26738999276537784,0.4601306879037079,0.684574678260088,0.527405041747306,0.7846643274583485,0.6193053478901538,0.0820518396681511,0.13249011969246655,0.3467989942661502,0.5599806225598135,0.4183059321737872,0.6754437590420778,0.3161732634136526,0.749305397375361,2.3699201801103507,0.4194507218991323,1.3266482983741759,0.3698265758464658,1.169695918793165,0.1959792347939747,0.0690434779124172,0.35229996680515624,0.0680556365609777,0.3472594258903089,0.0634166073605114,0.32358840173643294
20110524_kin2,20110524,Kin2,3,0.2640739911518054,0.8896540913365878,0.2366292519171323,1.094069092609384,4.623558092439592,0.2522412658092031,1.0659766861686994,0.1939994719137111,0.8198456883160407,0.2579134410958207,1.2627974094001058,4.8962062777137225,0.2746671708047989,1.0649587304864574,0.2156686902036979,0.8362057025309203,0.9174754557643204,0.8663852843419465,0.9443143998006875,0.9183524374977692,1.0009558639720975,0.8995254328779931,0.9804354189820003,0.9652272039555342,0.8324631800821045,0.8624530853157079,0.9328792055401388,0.966486648653465,0.9497036876600268,0.9839172412133729,0.6985249022414531,0.3026009161734129,0.43319989767353406,0.3505139333804994,0.5017916072222437,0.6000578546956167,0.8590357376954326,0.6742352382838307,0.2519041209734776,0.37361458830698835,0.3269871597027495,0.48497488878666223,0.5698771574137916,0.8452200731369847,0.4464468800953063,0.6252690531106434,1.4005452406278718,0.4690306709598204,1.0505856169488583,0.4877135072509931,1.0924334540021363,0.1595437800512723,0.2756005130580175,1.7274287532202652,0.0824796550667776,0.51697192482384,0.1105558675939623,0.6929500326395248
20110524_kin2,20110524,Kin2,4,0.2640739911518054,0.8896540913365878,0.319988288193695,1.3802360055026095,4.3133953848558555,0.3457889665408266,1.080630070846574,0.3022654561141358,0.9446141226617918,0.3582523779154222,1.4936486117827947,4.169263636082332,0.3798116988343695,1.0601791425486005,0.3378620079055589,0.9430837832019161,0.8931923635946927,0.9240700889181576,1.0345700731242216,0.9104221054855404,1.019290068515035,0.8946417443852603,1.0016226972482551,0.9435100731732032,0.8377080539607309,0.8878633920074217,0.940552787324043,0.9968656552449787,0.9444200768922442,1.0009644875501758,0.6569685019135912,0.4028073181441063,0.6131303357327261,0.4492768172576574,0.6838635580686473,0.5746344212581315,0.8746757562719668,0.6198563993129822,0.3374349346036403,0.5443759796263075,0.4225685627517643,0.6817200939122644,0.5426962843095348,0.8755193701493316,0.3376840584320583,0.4991745455779756,1.4782295258347502,0.3590247047752883,1.0631970796676613,0.3417104077435139,1.0119234213487922,0.1983467881420683,0.4657398462543623,2.348108838146502,0.1461195466065749,0.7366872333819441,0.1640383399082682,0.8270279617070165
20110524_kin2,20110524,Kin2,5,0.2640739911518054,0.8896540913365878,0.3350048383728025,1.491255523180388,4.451444732630632,0.3819926141944361,1.1402599916164324,0.3175429600752731,0.9478757429822631,0.383251188077101,1.746744818122224,4.557702291508149,0.4224201955415028,1.1022019205235234,0.3620343701232796,0.9446399160292933,0.8741129807154245,0.853734047302633,0.9766861562951368,0.9042953396315668,1.0345291279068287,0.8771072204198281,1.0034254607475945,0.9342895826397142,0.8065662905143501,0.863293678428375,0.8908000867476968,0.9534518026315316,0.9216941888189412,0.9865187474474602,0.7385102474130519,0.3940784330026263,0.5336126809114086,0.4693437444165774,0.6355277344636105,0.5657732177102625,0.7661007002842888,0.6899824308306923,0.3178503798786361,0.46066445416003665,0.418091448240776,0.6059450640466628,0.5214698869529425,0.7557727032630787,0.3250256411938727,0.4520744587694246,1.3908885991544564,0.3499501263321765,1.0766846733899271,0.3249255321521843,0.9996919964796601,0.2311474527205094,0.4739961345390016,2.050622357980865,0.1597078452858315,0.6909349136498654,0.1655890914931553,0.7163786126312037
20110525_kin2,20110525,Kin2,3,0.2534916010185717,0.8778644744990121,0.2397047125824807,0.9020985033308336,3.7633740847728556,0.1610763549395632,0.6719782569320074,0.2016409978630668,0.8412058139811647,0.2622117279160508,0.9332539060901336,3.5591615733866884,0.1938363414475366,0.7392359715870331,0.2296269598573318,0.8757310806892998,0.9141647266792892,0.9666163703618176,1.0573765779314845,0.8309915144738729,0.9090172593865619,0.8781242324000074,0.9605754923292663,0.9527435301765536,0.83999073240348,0.8816546172166824,0.9289340798109538,0.9750095911318467,0.9527770595108058,1.0000351924029818,0.6605335255689383,0.26306536726724,0.39826194596353537,0.3992476891769528,0.6044321351184533,0.5463150101563391,0.8270814258606796,0.6293190429505151,0.2209724705207993,0.35112948352045165,0.3708747847622424,0.5893271289287922,0.5205164089433728,0.8271105328435172,0.4680842318897526,0.6110934399349809,1.3055202425167594,0.498762029643088,1.065539054006333,0.4786445537554145,1.0225607297708528,0.1508507403131351,0.1993389349341298,1.3214315986805445,0.059739158468497,0.39601501686031365,0.1049574481034419,0.6957701890330258
20110525_kin2,20110525,Kin2,4,0.2534916010185717,0.8778644744990121,0.3352114843602528,1.1122016344840902,3.3179102935769462,0.3365887408648815,1.0041086196890217,0.3523489135030129,1.0511242303510773,0.3650189444928898,1.161637613634455,3.1824036290726894,0.3574024765096462,0.9791340474291685,0.3896172533362094,1.0673891292888738,0.91833996404201,0.9574428560420896,1.0425799742265063,0.9417638740278764,1.0255067958523418,0.9043462795498,0.9847619780907522,0.9495720911092476,0.8564003678542628,0.9018803057426154,0.8850908764910048,0.9320944505193717,0.937757414943072,0.9875578944697351,0.5887731594968266,0.3820811351220982,0.6489445535333672,0.3547392212279665,0.6025057622041251,0.370316305211516,0.6289626135946706,0.5590825602524002,0.3272144246687392,0.5852703123506783,0.3139764482423973,0.5615922773564092,0.3472668610864209,0.6211369943817346,0.3510640011445979,0.4744107182132133,1.3513510831827236,0.4359929650386021,1.2419187487669043,0.3739045685692815,1.0650609784831682,0.1874108949021374,0.3639284179433432,1.941874393873313,0.1056809373751361,0.5638996464443585,0.1223591011994021,0.6528921451620827
20110525_kin2,20110525,Kin2,5,0.2534916010185717,0.8778644744990121,0.3914090520506035,1.3753444537357675,3.5138289381155023,0.3808472613284431,0.9730159773596782,0.3998489542065649,1.0215628691052099,0.4325228974608684,1.487949567345073,3.4401636909400666,0.4226418253886816,0.9771548000575374,0.4466616742389923,1.0326890827309392,0.9049441182151876,0.9243219554744552,1.021413297096716,0.9011111500339506,0.9957644145046252,0.8951942314903437,0.989225979230548,0.9345851930692824,0.8083389741085233,0.8649173773595188,0.8684352840608363,0.9292200331237835,0.9147682841286264,0.9787960379774742,0.6089701485781867,0.3097659689305687,0.508671844841336,0.3830244244965924,0.6289707720335249,0.3991994883560119,0.6555321131718134,0.5691344838823741,0.2503959055390686,0.4399591179767965,0.3326319248899365,0.5844522416228837,0.3651750309884546,0.6416322351395723,0.2983311564881142,0.4333976470606653,1.4527401434115121,0.3866829401948567,1.2961533912407923,0.3277205516003329,1.0985126577397544,0.2227643888257094,0.3443806199213041,1.545941080334645,0.1266819576247407,0.5686813691027451,0.1460148542430836,0.6554676670395709
20110526_su,20110526,Su,3,0.21746638893067116,0.5737121100771339,0.1799484732216558,0.1831411700737588,1.017742283637885,0.1483243441603559,0.8242600868174851,0.1309078818829175,0.7274742571539832,0.1813236789815583,0.1899937983199836,1.0478157038679272,0.1516307606709293,0.8362435701867215,0.1340501010012337,0.7392862407941073,0.9924157409135608,0.96393235828317,0.9712989411028783,0.9781942892329812,0.9856698648617885,0.9765593677673748,0.9840224489672146,0.9672878917373878,0.8492876040346445,0.8780091338776113,0.8301964701786626,0.8582723688265245,0.8299289795161376,0.8579958320634679,0.6945844562185262,0.4839405438597958,0.6967339097889936,0.4336272915834398,0.6242974309333155,0.4323265559447933,0.622424749178057,0.6718631342891781,0.4110047049899088,0.6117387366769962,0.3599958468457054,0.5358172348994502,0.3588003373929886,0.5340378405679223,0.4367672447845364,0.613126815619096,1.4037838756007455,0.5368931672790401,1.2292432037661096,0.5552883737221788,1.2713599299235696,0.1209007452292538,0.075271882577672,0.6225923788554019,0.0533961478838411,0.44165276055652536,0.0469697921869923,0.38849878135926685
20110526_su,20110526,Su,4,0.21746638893067116,0.5737121100771339,0.2725612193554363,0.4227266928386894,1.5509421840655484,0.0950400768090274,0.3486925874259808,0.0764405173967438,0.28045265418724424,0.3018437090854594,0.4931826935167674,1.6339008522358678,0.1010388870312206,0.33473908512903283,0.0785326359462599,0.2601764873092829,0.9029879078191008,0.8571401600172277,0.9492266204177587,0.9406286985293144,1.0416847118153816,0.9733598837692432,1.0779323569460693,0.9110059031962504,0.7424440180450348,0.8149716872746721,0.5307107069996415,0.5825546301485545,0.5205011419713892,0.5713477159096542,0.58899941138179,0.3488478227173283,0.5922719377578541,0.2241527133943822,0.3805652587470689,0.2283327258057826,0.3876620611048066,0.5365819407479275,0.2589999791845151,0.48268486043995784,0.1189602450014206,0.22170005355678768,0.1188474445313499,0.22148983315705997,0.4394503607377176,0.5651853993748485,1.2861188654528715,0.7611656054565087,1.7320855174147969,0.757846306104694,1.7245322198222257,0.1462514280543616,0.1094862046459594,0.7486163116661222,0.0113059908221557,0.0773051653071946,0.0090847601512572,0.0621174115843874
20110526_su,20110526,Su,5,0.21746638893067116,0.5737121100771339,0.319913253559305,0.4639109353482447,1.4501147738858704,0.1835394609362514,0.573716339958473,0.1343040063690876,0.4198138241377691,0.3577197191534301,0.5332916889403425,1.4908087544136968,0.2107689238042547,0.5892013006804735,0.1396465918973145,0.39037991036054254,0.8943126040588513,0.8699009284581984,0.9727034199340812,0.8708089296252619,0.9737187261736918,0.9617420987104692,1.0753981262766377,0.9050408660954232,0.7181519417509651,0.7935022258710321,0.5625444024805042,0.6215679573757414,0.5873528683776102,0.6489793890872576,0.6370400926630706,0.3678273009192379,0.5774005516380915,0.4154367448440644,0.652135948158899,0.4121424369505637,0.6469646756888583,0.576547317201294,0.2641558903841672,0.4581686229439874,0.2337016153967499,0.40534680922841937,0.2420730425230519,0.41986673998959084,0.3735961384717761,0.5177850122630443,1.3859485121583,0.574637934354672,1.5381260007270765,0.5218936645918711,1.3969460892361403,0.1844451280767546,0.1225448061858676,0.6643970890620222,0.042893468509851,0.2325540878043762,0.0325113794448002,0.1762658617432876
20110527_su,20110527,Su,3,0.23089904228119895,0.6040315722676992,0.181806197180922,0.2030898614548261,1.1170678700942407,0.0758137805924737,0.41700328024037947,0.0740595358588145,0.4073542981877298,0.1850778045903373,0.2067361975972763,1.1170231787376073,0.079192801595362,0.4278892424224086,0.0751574580990798,0.4060857446706696,0.9823230699291208,0.982362372023726,1.000040009336855,0.9573317153223914,0.9745589252947784,0.9853917060524062,1.0031238563128797,0.9786272906521216,0.836229615395518,0.8544924338235907,0.6471499145484387,0.661283330978029,0.7123014065633241,0.7278576975803243,0.7534910372061956,0.6076317658025085,0.8064220220262924,0.3378420085471763,0.44836898100318684,0.5318388179145264,0.7058329716654436,0.737386892271756,0.5081196778191311,0.689081516290188,0.218634426962178,0.29649893326501203,0.3788295380654927,0.5137459616326882,0.4041574471142832,0.6031905027441528,1.4924641548757338,0.6995881998183292,1.7309793616657208,0.6061291984132635,1.4997353203338821,0.1340615067349862,0.1031939549707583,0.7697508217235906,0.0165755024756717,0.12364102775928273,0.0280559397587396,0.2092766256476648
20110527_su,20110527,Su,4,0.23089904228119895,0.6040315722676992,0.2880971336071213,0.3285211104436955,1.1403137071530203,0.1160174623491407,0.4027025916451983,0.0987968995377655,0.3429291305358666,0.3082879382119586,0.4881734916955568,1.5834985128737689,0.1255072103189617,0.40711034965199044,0.1166322025551424,0.37832230229829406,0.934506666975224,0.6729597490077842,0.7201230047785481,0.9243888223975028,0.9891730632479377,0.8470808007853182,0.9064470385504231,0.9335995840419764,0.8250149730279086,0.8836925242147649,0.5969247496540651,0.6393798367708208,0.7327868311434963,0.7849048389363344,0.5927164950376855,0.5911934902342143,0.99743046664599,0.2428823264522366,0.40977824724920786,0.3095235242848201,0.5222117603883123,0.5533598732220014,0.4877434813998554,0.8814218467991055,0.1449824719128982,0.2620039488384315,0.2268147625250403,0.4098865376782478,0.4150735618732363,0.5027868722403742,1.2113199163331092,0.6740036109377641,1.62381725276833,0.5244427047745975,1.2634933971891051,0.1594213933284586,0.1602340301211545,1.0050974136891504,0.01682049847644,0.10550966921851225,0.0224085953068685,0.140562033984358
20110527_su,20110527,Su,5,0.23089904228119895,0.6040315722676992,0.3406914564059866,0.3785389424434489,1.111090211761463,0.2049371611975463,0.6015330215775413,0.1511736584484383,0.44372600370785786,0.366524876463124,0.5475875794113622,1.493998401132958,0.2230971479848946,0.6086821449548743,0.1786534963399078,0.4874252958322246,0.929517962582994,0.6912847490996149,0.7437024102026345,0.9186005426273858,0.9882547509622404,0.8461835986731203,0.9103466879991219,0.9288460977473784,0.822382722510868,0.8853810383714766,0.6299346491232379,0.6781905534737613,0.7518189118573855,0.8094117138250178,0.6162496525653566,0.6329354625391623,1.027076380334407,0.4129499543701796,0.6701017236295871,0.4416379849124124,0.7166543349338024,0.5724010850235092,0.5205151888566318,0.909353952107295,0.2601314846116362,0.4544566588320711,0.3320317892517384,0.5800684134588974,0.348724972469665,0.4360221978319289,1.250332589444416,0.4776055904848019,1.3695766813096473,0.4096778244320703,1.1747877461448721,0.195012159305026,0.1970352691155419,1.0103742752130214,0.0533106079944118,0.2733706871632893,0.0501944603023661,0.2573914389812741
20110621_chibi,20110621,Chibi,3,0.17440893554146875,0.8940509648375655,0.1230719809173722,0.2976557012218224,2.4185496894021865,,,,,0.1254869350702418,0.5129587473355943,4.087746242654374,,,,,0.9807553339993698,0.58027220077229,0.5916584704220053,,,,,0.9516130726217482,0.96847286383192,1.0177170655755308,,,,,0.4506937872209676,0.583477669872489,1.294621062940057,,,,,0.4288860996688774,0.5650822899233849,1.317557949207629,,,,,0.4146095785809446,0.4479063845562202,1.080308819900491,,,,,0.0527838618741743,0.1681999652551785,3.186579368825496,,,,
20110621_chibi,20110621,Chibi,4,0.17440893554146875,0.8940509648375655,0.1437632259444486,0.3766511690539013,2.619940993807712,,,,,0.1711252166866833,0.6031846604112208,3.5248145895154894,,,,,0.8401054428329385,0.6244375790278214,0.743284767828835,,,,,0.9315520762837696,0.9608311060057796,1.0314303735318937,,,,,0.4944934659178391,0.6100496372521466,1.233685941875534,,,,,0.4606464148845204,0.5861546676794045,1.272461151849728,,,,,0.3541677676459026,0.3662759913929431,1.0341878195961252,,,,,0.0662240146235435,0.2207758408278493,3.333773134758891,,,,
20110621_chibi,20110621,Chibi,5,0.17440893554146875,0.8940509648375655,0.1620446163920854,0.4388114197560845,2.70796666699701,,,,,0.1952420158347241,0.6913023496667252,3.540745810839841,,,,,0.8299679538714617,0.6347604922327172,0.7648012062053946,,,,,0.9026588859006603,0.8997542392762086,0.9967821214970332,,,,,0.5374711382711882,0.6144037644999993,1.1431381533830265,,,,,0.4851530988756305,0.5528123917361357,1.139459673693334,,,,,0.3133556490715158,0.3717188620947885,1.1862523085069792,,,,,0.078616447798733,0.2425803904764907,3.0856188147488415,,,,
20110622_chibi,20110622,Chibi,3,0.17678314793161654,0.8867700833688608,0.0981789542365342,0.9311468064683984,9.484179310212102,0.1873428658726848,1.9081774432159422,0.0527624833886344,0.5374113403318418,0.1058132376003217,1.1461159122155815,10.831498385340938,0.1923943237858464,1.8182443723398694,0.0592356731398946,0.5598134456828538,0.9278513394267012,0.8124368543739859,0.8756110163897297,0.9737442466401228,1.0494614872699088,0.8907214283532696,0.959982909442828,0.9523291265062452,0.587875868404032,0.6173032537193714,0.5696914987898114,0.5982086265488966,0.7973508938822307,0.8372640001124672,0.500730312425024,0.2560839587735278,0.5114209234374484,0.2884606491712168,0.5760798617807045,0.4318297500926832,0.8623998575227908,0.4768600610469223,0.15054557964833,0.3157018000581025,0.1643335795682324,0.3446159428983134,0.3443198372413413,0.7220563544059538,0.4071237168580097,0.8318492159488041,2.043234480095208,0.8201800483182151,2.014572019159141,0.4954463279178215,1.216942927671825,0.0468176221107567,0.1401800357174761,2.994172480307766,0.0307867237554296,0.6575883688111558,0.0181671696928235,0.38804127321642545
20110622_chibi,20110622,Chibi,4,0.17678314793161654,0.8867700833688608,0.1149688036831749,0.9634983713800536,8.380520110787728,0.1465391027999907,1.2745988312082954,0.1159554623022833,1.0085819682165902,0.1255518690262922,1.1925135354411345,9.49817429791831,0.4198011007762587,3.343646765531996,0.1253459617540863,0.9983599824215856,0.9157076240665036,0.8079559206207554,0.8823295770245517,0.3490679336691202,0.38120020462313964,0.9250833507486584,1.0102387775702018,0.9579630572796336,0.502941448510669,0.5250113192662066,0.6798384369991239,0.7096708289875903,0.7362836662563,0.7685929646881734,0.5307578173786812,0.2500846581868292,0.47118412578820407,0.2832113311379609,0.533598040131922,0.3490104492715503,0.6575700589682334,0.508446381411147,0.1257779402387794,0.24737699949735917,0.1925379487012726,0.3786789634865744,0.2569706931514155,0.5054037211125716,0.3594921133259251,0.8014288588970832,2.229336414316512,0.6184825106862889,1.7204341562997132,0.546546896160937,1.5203306996207258,0.0584554722078787,0.1211868405756012,2.073147919233941,0.0282143382576351,0.48266376426315716,0.0297971555225106,0.5097410797837076
20110622_chibi,20110622,Chibi,5,0.17678314793161654,0.8867700833688608,0.1295022655480367,1.0893468517358318,8.411797640186895,0.1557183069909654,1.2024369329137665,0.1208343027416418,0.9330670952379618,0.1405352933491159,1.4561065894633267,10.361145266520959,0.4356801503525297,3.10014758549099,0.130891062483027,0.9313750259009256,0.9214928325963564,0.7481230149073973,0.8118598305312043,0.3574142794087962,0.3878644160495117,0.9231669485249288,1.0018167432988658,0.9089550889558022,0.5275009681669224,0.5803377686931813,0.6308101257273424,0.6939948226177052,0.6521156564472734,0.717434408334098,0.5771102077347813,0.2719395083382833,0.47120897307582665,0.280639470409522,0.48628401759009193,0.3512495808978024,0.6086351899345087,0.5245672602088697,0.1434483539312813,0.2734603640230306,0.1770302196130853,0.3374785905292607,0.2290553510240001,0.4366558273819756,0.3459970065899223,0.7092937988328093,2.0499998130719916,0.5817962876524501,1.6815067083571578,0.5228189078689265,1.511050378792943,0.067932648629375,0.1562650127417279,2.300293244773571,0.0275668460843882,0.40579672132006234,0.027677743630227,0.40742918447402876
