animal,fold,heldout_date,training_dates,lambda,k,evaluation,candidate,Q,Cspec,Aspec,Deff,Deff_frac,Gpair,WMI,Oorg,top_share,singular_values
Chibi,LODO,20110621,20110622,0.01,3,heldout_awake,18;25;41,0.0842506683986916,0.0951737011920349,0.8852305557466595,2.5970129291600834,0.8656709763866944,0.4226883173058417,0.0308280785265391,0.3659090083493969,0.5340845541262343,0.0449969806666;0.029321338281;0.00993234945111
Chibi,LODO,20110621,20110622,0.01,3,deep_anesthesia,18;25;41,0.51128305282404,0.6362872019212542,0.8035413116596293,2.1580494954887683,0.7193498318295894,0.2998567186728131,0.1102847157831104,0.2157018801502606,0.7295413525524735,0.373002129894;0.077490847134;0.0607900757956
Chibi,LODO,20110621,20110622,0.01,3,eyes_open,18;25;41,0.0891808878390979,0.0994503330503342,0.8967379505301534,2.600236783213853,0.8667455944046178,0.4916686999626681,0.0380045851407873,0.4261516795992885,0.4935353721530831,0.0440139226686;0.0355301036055;0.00963686156496
Chibi,LODO,20110621,20110622,0.01,3,eyes_closed,18;25;41,0.1002533015018373,0.1084402548852752,0.9245026361096312,2.469654950286831,0.823218316762277,0.3458867361699101,0.028546154818817,0.2847402967401912,0.6110308309206381,0.0612578581192;0.0275081771393;0.0114872662434
Chibi,LODO,20110621,20110622,0.01,4,heldout_awake,18;25;32;51,0.099005375545688,0.1075798400893065,0.9202967346251812,3.671997728748698,0.9179994321871744,0.5096220204996422,0.0463179546756164,0.4678327254487521,0.3506160719859362,0.0347128758793;0.0290001750637;0.02596051617;0.0093318084327
Chibi,LODO,20110621,20110622,0.01,4,deep_anesthesia,18;25;32;51,0.5545544234040313,0.7709187242888682,0.7193422677800159,2.72376242594296,0.6809406064857398,0.2932885740317529,0.1107512281720101,0.1997120994765196,0.6470581717371261,0.358828971337;0.103930071934;0.0581124573847;0.0336829227487
Chibi,LODO,20110621,20110622,0.01,4,eyes_open,18;25;32;51,0.1294305513933283,0.1385291994693326,0.934319637225518,3.336453244485228,0.8341133111213069,0.3767733300923489,0.0406763529345638,0.3142716499055303,0.4740815886039626,0.0613606414184;0.0356493892447;0.0232555627204;0.00916495800975
Chibi,LODO,20110621,20110622,0.01,4,eyes_closed,18;25;32;51,0.1244381313440533,0.1308073466146258,0.9513084284987684,3.4700467390569227,0.8675116847642307,0.4605908386460708,0.0497214871043304,0.3995679344208228,0.4595419791994969,0.0571845451657;0.0290474609435;0.0271499058874;0.0110562193474
Chibi,LODO,20110621,20110622,0.01,5,heldout_awake,4;18;25;32;51,0.110879753540568,0.119782384401661,0.9256766267797756,4.362854185328891,0.8725708370657783,0.5491681020417963,0.0531322551553379,0.479188070488435,0.3296587946139254,0.0365524858993;0.0296754578855;0.0260116629337;0.0107189844399;0.00792116238225
Chibi,LODO,20110621,20110622,0.01,5,deep_anesthesia,4;18;25;32;51,0.6583488585461313,1.008849910201379,0.6525736404285516,3.5617212208546847,0.7123442441709369,0.355503775068299,0.1667209680225063,0.2532410679509422,0.545904823154899,0.359395817199;0.118256820814;0.0946837445784;0.0535277059773;0.0324847699778
Chibi,LODO,20110621,20110622,0.01,5,eyes_open,4;18;25;32;51,0.1454959290460261,0.1558713445268344,0.9334360301291804,3.9945230636529354,0.7989046127305869,0.4156838592965192,0.0483179980773728,0.3320917526296414,0.4386580222307942,0.063822956478;0.037089480029;0.0229648882237;0.0128461174094;0.00877248690598
Chibi,LODO,20110621,20110622,0.01,5,eyes_closed,4;18;25;32;51,0.134328722336854,0.1425817362819231,0.9421173134772984,4.037741905724961,0.8075483811449923,0.4834759094497993,0.0524459883156149,0.3904301879987883,0.4292048071228123,0.0576545333616;0.0299210040615;0.0273279690853;0.0124149979884;0.00701021784005
Chibi,LODO,20110622,20110621,0.01,3,heldout_awake,41;51;55,0.0934967673233932,0.0966382799016488,0.9674920478566794,2.798022198919704,0.932674066306568,0.4563770448427154,0.0397969957039163,0.4256510341824303,0.498484258104533,0.0466066666944;0.0285223542806;0.0183677463484
Chibi,LODO,20110622,20110621,0.01,3,deep_anesthesia,41;51;55,0.3478428193902443,0.5041339124076938,0.6899809967732211,2.809246592823928,0.9364155309413094,0.5234331855267446,0.170495493361943,0.4901509643373274,0.5075659694687492,0.176553177847;0.0922040992091;0.0790855423346
Chibi,LODO,20110622,20110621,0.01,3,eyes_open,41;51;55,0.106639627997372,0.1134180401445021,0.9402351500828804,2.7482074934785348,0.9160691644928448,0.4194409688372802,0.0409748841180351,0.3842369378768367,0.5354604174667064,0.057101299726;0.0268716832684;0.022666645003
Chibi,LODO,20110622,20110621,0.01,3,eyes_closed,41;51;55,0.1158268896377648,0.1206637716276656,0.959914380889518,2.7744455000806614,0.9248151666935538,0.4892565021112668,0.0524084051294805,0.4524718335559363,0.5188344656905561,0.0600949823978;0.0320731791565;0.0236587280834
Chibi,LODO,20110622,20110621,0.01,4,heldout_awake,39;41;51;55,0.1050253247688477,0.1206632230129216,0.8704004596131227,3.5470821261931453,0.8867705315482863,0.4874093858710529,0.0453940752986892,0.4322202801904974,0.4426177154517376,0.0464860693138;0.0282522398112;0.0183027004024;0.0119843152414
Chibi,LODO,20110622,20110621,0.01,4,deep_anesthesia,39;41;51;55,0.4108269229229416,0.5748620691747798,0.7146530358363838,3.664279845929597,0.9160699614823992,0.5748098629673252,0.2163275096379383,0.5265660490281808,0.429229602168108,0.176339076686;0.0969994669362;0.078685286933;0.0588030923676
Chibi,LODO,20110622,20110621,0.01,4,eyes_open,39;41;51;55,0.1215806013533974,0.1452252343131664,0.8371864705772745,3.5164264241338508,0.8791066060334627,0.4627153763568764,0.0494560882120753,0.4067761440685899,0.4698155498848254,0.0571204570802;0.0268433923809;0.0231693449964;0.0144474068958
Chibi,LODO,20110622,20110621,0.01,4,eyes_closed,39;41;51;55,0.1272794416613709,0.139557459271328,0.9120217745861496,3.4347665359046875,0.8586916339761719,0.5110556055020163,0.0558552049110948,0.4388391729412083,0.4706648738762828,0.0599059623566;0.0317686433269;0.024019651937;0.0115851840409
Chibi,LODO,20110622,20110621,0.01,5,heldout_awake,25;39;41;51;55,0.1285130306444242,0.1517953366123678,0.8466204134623817,4.2194358320460585,0.8438871664092117,0.5556863602719762,0.0602644621016438,0.4689365879821663,0.3689734093040774,0.0474178910569;0.0398129687354;0.0182530354938;0.012539473214;0.0104896621443
Chibi,LODO,20110622,20110621,0.01,5,deep_anesthesia,25;39;41;51;55,0.4816169303110248,0.6728971402372801,0.7157363310255634,4.284001179817772,0.8568002359635545,0.5848898216348105,0.2413544921804442,0.5011337371893869,0.4161898476864075,0.200444076869;0.102216686455;0.0810859087114;0.0580726257351;0.0397976325401
Chibi,LODO,20110622,20110621,0.01,5,eyes_open,25;39;41;51;55,0.1390783519162776,0.1683760486231495,0.8259984306173829,4.173987801802876,0.8347975603605752,0.5199094175885774,0.0603626629934258,0.4340191134114319,0.4185510965806475,0.0582113967052;0.0335162871037;0.0229249670013;0.014456133898;0.00996956720809
Chibi,LODO,20110622,20110621,0.01,5,eyes_closed,25;39;41;51;55,0.1592758448104323,0.1790085014032575,0.8897669304075515,4.134457987250833,0.8268915974501667,0.5828031842424382,0.0767574276740181,0.4819150560172735,0.374676914854354,0.0596769821444;0.0501202842584;0.0239445486877;0.0146522510111;0.0108817787088
George,LODO,20110112,20110113;20110114,0.003,3,heldout_awake,11;21;39,0.5428613872772333,0.5550143595458406,0.9781033192032152,2.2562377120281742,0.7520792373427247,0.1017725019727994,0.0415511456623005,0.0765409856661639,0.7013658465481758,0.380744436446;0.0925312615364;0.0695856892949
George,LODO,20110112,20110113;20110114,0.003,3,deep_anesthesia,11;21;39,0.4270481988688561,0.4728305517346388,0.9031738691634366,2.9464840638724543,0.9821613546241514,0.5984521846145406,0.2510089419197884,0.5877766083188,0.4224925530082363,0.180424683798;0.129673242441;0.11695027263
George,LODO,20110112,20110113;20110114,0.003,3,eyes_open,11;21;39,0.7223075264048918,0.7313901916616743,0.9875816419739684,1.7769821162456807,0.5923273720818936,0.0692386839406538,0.0296232529459787,0.0410119677049762,0.8250810692037306,0.59596226618;0.0842537141891;0.0420915460357
George,LODO,20110112,20110113;20110114,0.003,3,eyes_closed,11;21;39,0.2979407524937474,0.3016081417284668,0.9878405496161272,2.822469315082986,0.940823105027662,0.638788036720751,0.1790583832062849,0.6009865441621411,0.4502944272144714,0.134161060488;0.109392355972;0.0543873360336
George,LODO,20110112,20110113;20110114,0.003,3,recovery_eyes_closed,11;21;39,0.2459167451089288,0.2627714759025862,0.9358578371729136,2.864246074523296,0.9547486915077652,0.4943552691461658,0.1160690263402669,0.4719850463572709,0.4748861580119406,0.116782458276;0.0720783443203;0.057055942513
George,LODO,20110112,20110113;20110114,0.003,3,recovery_eyes_open,11;21;39,0.2155540055134618,0.2170092075974019,0.9932942841455844,2.816410189056132,0.938803396352044,0.494536864723503,0.1000758807079255,0.464272888223716,0.4970660329613815,0.10714457441;0.0627488308524;0.0456606002516
George,LODO,20110112,20110113;20110114,0.003,4,heldout_awake,8;17;21;39,0.8674351874600718,0.9269981834689742,0.9357463724621248,3.043490205403866,0.7608725513509665,0.0935556471916496,0.0617474404347965,0.0711839239720013,0.5849428754489555,0.507400032818;0.167925542377;0.118146865247;0.0739627470172
George,LODO,20110112,20110113;20110114,0.003,4,deep_anesthesia,8;17;21;39,1.1201318945205003,1.3289449527394113,0.842873056714294,2.8694950403752526,0.7173737600938132,0.2240495491012779,0.1800357386303161,0.1607272674861071,0.6271500303838188,0.702490751682;0.196640562289;0.120937138579;0.10006344197
George,LODO,20110112,20110113;20110114,0.003,4,eyes_open,8;17;21;39,0.9775926472257448,1.049348331485942,0.9316188132127808,2.4517993747248337,0.6129498436812084,0.0680202349501859,0.0407587627914054,0.0416929923798755,0.7109380603939692,0.695007820474;0.144573074325;0.0822769404326;0.0557348119944
George,LODO,20110112,20110113;20110114,0.003,4,eyes_closed,8;17;21;39,0.6641297157317164,0.7238221083134954,0.9175316809252178,3.382224713146288,0.845556178286572,0.2899923120863525,0.1628477882360111,0.2452047911402231,0.4056040436434611,0.269373698205;0.234498670283;0.116215128494;0.0440422187503
George,LODO,20110112,20110113;20110114,0.003,4,recovery_eyes_closed,8;17;21;39,0.3804801529971811,0.4050674900953221,0.9393006407590128,3.59220176379442,0.898050440948605,0.2835999259448373,0.0969033633930482,0.2546870385477529,0.446446375402698,0.169863985218;0.0942754751887;0.0633876625386;0.0529530300517
George,LODO,20110112,20110113;20110114,0.003,4,recovery_eyes_open,8;17;21;39,0.2811122081206212,0.3041824399645398,0.924156595474058,3.57774424514572,0.89443606128643,0.3454104369640816,0.0868489281891131,0.3089475507653778,0.4407641875331705,0.123904194018;0.0714331865632;0.0527738061348;0.0330010214047
George,LODO,20110112,20110113;20110114,0.003,5,heldout_awake,2;8;17;21;39,0.9237445041472792,0.9848931088334402,0.937913460722059,3.4797917169719303,0.6959583433943861,0.102090237685309,0.0656325575697476,0.0710505526962068,0.5497357289201767,0.507815358323;0.172491406614;0.122074133492;0.0936434843985;0.0277201213194
George,LODO,20110112,20110113;20110114,0.003,5,deep_anesthesia,2;8;17;21;39,1.2097907572125377,1.4507786855768343,0.8338906335196955,3.427108448014048,0.6854216896028096,0.2269680591243993,0.1882057333350577,0.1555688305709161,0.5844905204367288,0.707111229303;0.195448827252;0.124401915128;0.101337230419;0.0814915551108
George,LODO,20110112,20110113;20110114,0.003,5,eyes_open,2;8;17;21;39,1.045750200829236,1.1133803132500122,0.9392569532477536,2.8679872372624726,0.5735974474524945,0.0742449617054662,0.0445350715369333,0.0425867205204636,0.6637975403212145,0.694166411101;0.152313635535;0.109833952877;0.0602465469663;0.0291896543501
George,LODO,20110112,20110113;20110114,0.003,5,eyes_closed,2;8;17;21;39,0.7383849566543229,0.8065635266047286,0.9154703037001848,3.983501326850879,0.7967002653701758,0.335471583150465,0.197348368378481,0.2672702993201285,0.3649162151436572,0.269448643701;0.241832607593;0.139711598809;0.049133762444;0.038258344107
George,LODO,20110112,20110113;20110114,0.003,5,recovery_eyes_closed,2;8;17;21;39,0.4584915133691239,0.4896740322634235,0.9363198437332596,4.528874133561414,0.9057748267122828,0.353794253560333,0.1469272407055723,0.3204579287104121,0.3723255391494007,0.170708099911;0.100954508094;0.073911409053;0.060443830526;0.0524736657857
George,LODO,20110112,20110113;20110114,0.003,5,recovery_eyes_open,2;8;17;21;39,0.3441991283114443,0.3698151178210533,0.9307329844692716,4.408408659126749,0.8816817318253498,0.4538918630392263,0.1377444171631857,0.4001881638658595,0.380982377154768,0.131133802119;0.082102414034;0.0558518203506;0.045188927173;0.0299221646352
George,LODO,20110113,20110112;20110114,0.001,3,heldout_awake,8;17;39,0.4612932012550614,0.4942274442754964,0.9333621728175896,2.621646082724736,0.8738820275749121,0.3141088319443866,0.1266222450185234,0.2744940629387479,0.5804013350832979,0.267735189873;0.114660249805;0.0788977615767
George,LODO,20110113,20110112;20110114,0.001,3,deep_anesthesia,8;17;39,0.7335405614472256,0.9371941267024392,0.7826986325962391,2.621083065941802,0.8736943553139339,0.3352370709253957,0.2148501695007889,0.2928947365594951,0.5209745705746853,0.382155978999;0.262226087967;0.0891584944815
George,LODO,20110113,20110112;20110114,0.001,3,eyes_open,8;17;39,0.3698127368419868,0.3949308187755369,0.936398779889026,2.654663838253908,0.884887946084636,0.3006885191928192,0.0983981629133425,0.2660756461597645,0.5718067470336589,0.211461418065;0.0889659486066;0.0693853701702
George,LODO,20110113,20110112;20110114,0.001,3,eyes_closed,8;17;39,0.6187656710481684,0.6511689209070233,0.9502383347569476,2.502988281927272,0.8343294273090907,0.322840845471209,0.1666680095453824,0.2693556177139764,0.6135896490696424,0.379668210955;0.15522292771;0.083874532383
George,LODO,20110113,20110112;20110114,0.001,3,recovery_eyes_closed,8;17;39,0.3182687022453856,0.3327809078682333,0.9563911111493394,2.9369609662407865,0.9789869887469288,0.5239469433763747,0.1632518698224502,0.5129372403591946,0.4252502420777495,0.135343842676;0.100707074198;0.0822177853721
George,LODO,20110113,20110112;20110114,0.001,3,recovery_eyes_open,8;17;39,0.3359073527492807,0.3463504420702641,0.969848199821657,2.861836180854171,0.953945393618057,0.363517466934286,0.1164845453697421,0.3467758130816664,0.4642264972144943,0.155937093755;0.107735095914;0.0722351630802
George,LODO,20110113,20110112;20110114,0.001,4,heldout_awake,8;17;19;39,0.5230814136114459,0.652750567595041,0.801349611289744,3.470710344073256,0.867677586018314,0.334285663465143,0.1517209030361294,0.2900521775159658,0.477134846468672,0.249580369974;0.124444484701;0.0892063032514;0.0598502556852
George,LODO,20110113,20110112;20110114,0.001,4,deep_anesthesia,8;17;19;39,0.8448275811932897,1.0878389625875708,0.7766108865817364,3.408129760917892,0.852032440229473,0.3487475061909986,0.2510356062252206,0.2971441887238598,0.4465254351190763,0.377237003293;0.255006433426;0.14494857116;0.0676355733137
George,LODO,20110113,20110112;20110114,0.001,4,eyes_open,8;17;19;39,0.4426770546251011,0.5580676096714046,0.7932319435018877,3.5870506044460995,0.8967626511115249,0.3045904762695228,0.1209151847785743,0.2731453630027793,0.4237091581421828,0.187566322144;0.123593885933;0.0820708105191;0.0494460360285
George,LODO,20110113,20110112;20110114,0.001,4,eyes_closed,8;17;19;39,0.7723889963115085,0.9294356785954588,0.831030069212239,3.1059009698590043,0.7764752424647511,0.3263264162529113,0.1957113094074442,0.2533843831826326,0.5698207091726112,0.440123245635;0.154057814429;0.110982675396;0.0672252608513
George,LODO,20110113,20110112;20110114,0.001,4,recovery_eyes_closed,8;17;19;39,0.3586241451312293,0.3886228495353999,0.9228076670220648,3.715873283724908,0.9289683209312268,0.4949639698930446,0.1648974791771731,0.459805848032996,0.3948781185846351,0.141612827708;0.0917183586363;0.0793690301803;0.0459239286061
George,LODO,20110113,20110112;20110114,0.001,4,recovery_eyes_open,8;17;19;39,0.3897256625841264,0.4463202722130543,0.8731973133366613,3.744840796506393,0.9362101991265982,0.3523467586863177,0.1285590494974553,0.3298706291113289,0.3974114747851774,0.154881450329;0.0999392675038;0.0755219988685;0.0593829458826
George,LODO,20110113,20110112;20110114,0.001,5,heldout_awake,8;11;17;19;39,0.5731072128912307,0.7200501364830327,0.7959268165554128,4.141126077584082,0.8282252155168164,0.3451670530726728,0.1638376302139959,0.2858760569204189,0.4417927984937123,0.25319463942;0.123268250762;0.0897979629692;0.0633850237957;0.0434613359441
George,LODO,20110113,20110112;20110114,0.001,5,deep_anesthesia,8;11;17;19;39,1.0282899669288224,1.3168241787764603,0.7808863047185749,4.3437320040160445,0.8687464008032089,0.3996820141946311,0.3570452190009135,0.3472223112973628,0.3648450153986143,0.375166468818;0.255335629856;0.202864457806;0.131634292392;0.0632891180563
George,LODO,20110113,20110112;20110114,0.001,5,eyes_open,8;11;17;19;39,0.462668818477764,0.5827974830361566,0.7938758006768195,4.1354034903481285,0.8270806980696257,0.3088120064253005,0.1181713763950004,0.2554124498465193,0.4037998559956867,0.186825602275;0.11941113652;0.0810683696467;0.0506499410869;0.0247137689494
George,LODO,20110113,20110112;20110114,0.001,5,eyes_closed,8;11;17;19;39,0.878112507811381,1.0524546236297214,0.8343471424762554,3.738088424414896,0.7476176848829792,0.3389436308681455,0.2225139313042113,0.253400252615474,0.5227819288960164,0.459061350621;0.166117886841;0.11700174513;0.0709388300757;0.0649926951434
George,LODO,20110113,20110112;20110114,0.001,5,recovery_eyes_closed,8;11;17;19;39,0.4961160050843511,0.5617023273192285,0.8832365132829454,4.353246564644167,0.8706493129288335,0.4844627457256044,0.2092603203407269,0.4217971567056137,0.4146754086105947,0.205727107127;0.0921746407653;0.0783356581982;0.0761511127489;0.0437274862453
George,LODO,20110113,20110112;20110114,0.001,5,recovery_eyes_open,8;11;17;19;39,0.4578169449442114,0.5178061150037782,0.8841474283108282,4.654550230162185,0.930910046032437,0.4136580757733198,0.1762954433701245,0.3850784583598305,0.3435640694508196,0.157289452669;0.0958914701988;0.0795792918128;0.073972273571;0.051084456693
George,LODO,20110114,20110112;20110113,0.001,3,heldout_awake,9;17;21,0.3540625949535993,0.3679093932295135,0.962363564152666,2.4339536062195206,0.8113178687398402,0.2672908812548655,0.0767812595202972,0.2168578681132912,0.6496209191112822,0.230006468357;0.0667779937592;0.0572781328377
George,LODO,20110114,20110112;20110113,0.001,3,deep_anesthesia,9;17;21,0.8100938770289657,0.8305146404563188,0.9754119163797846,2.3463443013689704,0.7821147671229901,0.2979734681271324,0.1887919321927306,0.2330494496330818,0.6642738096909436,0.538124145901;0.180122742678;0.0918469884501
George,LODO,20110114,20110112;20110113,0.001,3,eyes_open,9;17;21,0.2777269132206256,0.2992163639032339,0.9281808975876802,2.6036763714066287,0.8678921238022096,0.2889825994119701,0.0696554989740048,0.2508057219455379,0.5852726043295138,0.162545953793;0.0695945909116;0.045586368516
George,LODO,20110114,20110112;20110113,0.001,3,eyes_closed,9;17;21,0.453547357606157,0.4693221126543718,0.9663882126520812,2.3954357079729705,0.7984785693243235,0.2904633037116432,0.1051906595552905,0.2319287231888893,0.6617914225347807,0.300153750977;0.0816411476547;0.0717524589744
George,LODO,20110114,20110112;20110113,0.001,3,recovery_eyes_closed,9;17;21,0.5091394002803532,0.5623063830674356,0.9054483740749102,2.143575856616004,0.7145252855386679,0.2434131941145096,0.0885520101298469,0.1739248820285492,0.7104102081196625,0.361697827315;0.111563941457;0.0358776315086
George,LODO,20110114,20110112;20110113,0.001,3,recovery_eyes_open,9;17;21,0.3014538003839999,0.3618886706421903,0.8330014859239844,2.32486387337531,0.7749546244584367,0.1821429356323515,0.0425509606578664,0.1411525102807261,0.6609809741834068,0.199255226649;0.0728490115739;0.029349562161
George,LODO,20110114,20110112;20110113,0.001,4,heldout_awake,9;17;21;39,0.4704976577713647,0.501238120840567,0.9386709394376248,3.146661524307913,0.7866653810769781,0.4265343113597473,0.1578706789738853,0.3355397765882221,0.5559747347171622,0.261584810464;0.104762635018;0.0585863126523;0.0455638996364
George,LODO,20110114,20110112;20110113,0.001,4,deep_anesthesia,9;17;21;39,0.898227840469375,0.9245495288351232,0.971530256038406,2.908581216087411,0.7271453040218527,0.3132195798892438,0.2045769117538115,0.2277561466441612,0.6112518692470227,0.549043446497;0.179684331655;0.0915832152922;0.0779168470252
George,LODO,20110114,20110112;20110113,0.001,4,eyes_open,9;17;21;39,0.3752807938462347,0.4090833394385484,0.917370026267248,3.4473157479758294,0.8618289369939574,0.4604172729885741,0.1489117676165552,0.3968009289533995,0.4816880112451285,0.180768259246;0.0904389288193;0.06198339218;0.0420902136006
George,LODO,20110114,20110112;20110113,0.001,4,eyes_closed,9;17;21;39,0.5873258858554927,0.6241751516149443,0.9409632606102462,3.026204942002216,0.7565512355005539,0.4305650005143029,0.1913181671006522,0.3257444831023925,0.587220061981151,0.344889543095;0.115741654908;0.0779243839266;0.0487703039262
George,LODO,20110114,20110112;20110113,0.001,4,recovery_eyes_closed,9;17;21;39,0.5570995145998626,0.6150585598638287,0.9057666228126344,2.631563807891096,0.6578909519727739,0.2466792317952651,0.0904105853220281,0.1622880346376995,0.6590108116481733,0.367134603285;0.11243169546;0.0437375532667;0.0337956625874
George,LODO,20110114,20110112;20110113,0.001,4,recovery_eyes_open,9;17;21;39,0.358720232410945,0.4234988230832877,0.8470395024932501,3.102019481116141,0.7755048702790351,0.2300922688826166,0.0640092042942276,0.1784376751320225,0.5628531646361773,0.201906818032;0.0750833670099;0.0548982038611;0.0268318435084
George,LODO,20110114,20110112;20110113,0.001,5,heldout_awake,2;9;17;21;39,0.5149731813107138,0.5454710349789516,0.9440889585101166,3.658010584402114,0.7316021168804228,0.4637582698074732,0.1747234647145754,0.3392865319119496,0.5202338481946457,0.26790647983;0.11271820546;0.0591121064092;0.0486122830028;0.026624106608
George,LODO,20110114,20110112;20110113,0.001,5,deep_anesthesia,2;9;17;21;39,0.9702007040029608,1.0408581313650351,0.9321161787251346,3.515993448117603,0.7031986896235206,0.3196083364509892,0.2180508263395859,0.2247481633850888,0.5640199906286382,0.54721259198;0.175603678172;0.096970658163;0.0863242405632;0.0640895351247
George,LODO,20110114,20110112;20110113,0.001,5,eyes_open,2;9;17;21;39,0.4227284902180246,0.4574036087568535,0.924191418967878,4.014470569266617,0.8028941138533234,0.5050599885152532,0.1714204998348472,0.405509691921724,0.4431618848241216,0.187337154494;0.10405602345;0.0629748332135;0.0435610521379;0.0247994269231
George,LODO,20110114,20110112;20110113,0.001,5,eyes_closed,2;9;17;21;39,0.6440922567426227,0.6845100346259132,0.9409537101886624,3.634051117321504,0.7268102234643007,0.4549141266895963,0.2129602407434758,0.3306362380763327,0.5387170474423044,0.346983478833;0.122594923334;0.0778384063385;0.0575084848992;0.0391669633386
George,LODO,20110114,20110112;20110113,0.001,5,recovery_eyes_closed,2;9;17;21;39,0.6354966706156279,0.7961903508671305,0.7981717813127335,3.396765894305866,0.6793531788611732,0.2547637899303159,0.1099883260613408,0.1730745905478803,0.5755489076246709,0.365759414572;0.112478921362;0.0818677485332;0.0418999954637;0.0334905906843
George,LODO,20110114,20110112;20110113,0.001,5,recovery_eyes_open,2;9;17;21;39,0.4203081428415621,0.4875332991279499,0.8621116621026025,3.869425118203045,0.7738850236406091,0.2837620540725248,0.0922993335708758,0.2195992039242236,0.4818607996248729,0.202530017798;0.0918017440009;0.0637020285149;0.0369045361788;0.0253698163485
Kin2,LODO,20110513,20110524;20110525,0.01,3,heldout_awake,9;27;37,0.1675693219702006,0.1888650772551932,0.8872435518811242,2.907483929229694,0.9691613097432312,0.7504677414710004,0.1218772396767815,0.7273242992440795,0.4527046538266184,0.0758594118945;0.0482307954304;0.0434791146453
Kin2,LODO,20110513,20110524;20110525,0.01,3,deep_anesthesia,9;27;37,0.7624276245257628,0.8652982962406471,0.8811153654620452,2.7162863702857205,0.90542879009524,0.518645793354577,0.3580335979948264,0.4695968331650205,0.5479992944907531,0.41780980034;0.190664675376;0.153953148809
Kin2,LODO,20110513,20110524;20110525,0.01,3,eyes_open,9;27;37,0.1810616594659528,0.197793726583255,0.9154064822664668,2.877010853737417,0.9590036179124724,0.5316339535551017,0.0923122745538288,0.5098388848644538,0.4694791261313715,0.085004669662;0.0524587023342;0.0435982874698
Kin2,LODO,20110513,20110524;20110525,0.01,3,eyes_closed,9;27;37,0.187851011863214,0.2068371503251673,0.9082073097985284,2.676751068573441,0.892250356191147,0.7780747489661518,0.13041321157135,0.6942374719083862,0.5280336650332834,0.0991916582743;0.0609777474207;0.0276816061682
Kin2,LODO,20110513,20110524;20110525,0.01,3,recovery_eyes_closed,9;27;37,0.1748955561229355,0.1883691503006504,0.9284723949956236,2.8062552164313352,0.9354184054771116,0.5419703234105528,0.088666627945052,0.5069690157406139,0.4252566564851704,0.074375499431;0.0706042028651;0.0299158538269
Kin2,LODO,20110513,20110524;20110525,0.01,3,recovery_eyes_open,9;27;37,0.1578912729784019,0.1731328572408125,0.9119659635651314,2.894113397699885,0.9647044658999616,0.7423009804969078,0.1130661096699061,0.7161010709272874,0.4333275253790777,0.0684186345987;0.054757532945;0.0347151054347
Kin2,LODO,20110513,20110524;20110525,0.01,4,heldout_awake,9;27;36;37,0.2229504762609384,0.2710859183911087,0.8224347379758659,3.82257138832504,0.95564284708126,0.7500969400136895,0.159816425058055,0.7168247753416233,0.3611239729938889,0.0805127617682;0.0596560848376;0.0480883128867;0.0346933167683
Kin2,LODO,20110513,20110524;20110525,0.01,4,deep_anesthesia,9;27;36;37,0.88537182788736,1.2117909465677037,0.7306308323189751,3.584901934885985,0.8962254837214962,0.550600434308455,0.4368974773944152,0.493462140575361,0.465767622646443,0.412377531433;0.169685134103;0.157061528016;0.146247634335
Kin2,LODO,20110513,20110524;20110525,0.01,4,eyes_open,9;27;36;37,0.2240028954138751,0.2686846089371047,0.8337019984137276,3.782316627144376,0.945579156786094,0.5873377647980523,0.124405462077141,0.5553743483863716,0.3899539008459056,0.0873508028674;0.0525322986307;0.0489718028386;0.0351479910772
Kin2,LODO,20110513,20110524;20110525,0.01,4,eyes_closed,9;27;36;37,0.2717278449896715,0.3113111825644354,0.8728496122474787,3.591711994256091,0.8979279985640227,0.7226150836307814,0.1763123283939567,0.6488563157767615,0.3665116321049746,0.0995914159555;0.0937301170686;0.0517482594634;0.0266580525021
Kin2,LODO,20110513,20110524;20110525,0.01,4,recovery_eyes_closed,9;27;36;37,0.2398693056605834,0.2853348811600726,0.8406588941574827,3.6733427074695664,0.9183356768673916,0.5397854208201979,0.118904224615851,0.4957042097920662,0.385471463387424,0.0924627722747;0.0707044451719;0.0490760396967;0.0276260485173
Kin2,LODO,20110513,20110524;20110525,0.01,4,recovery_eyes_open,9;27;36;37,0.2050681540895799,0.2339833376067498,0.876422040078055,3.8226641959914303,0.9556660489978576,0.7620192969984781,0.1493380062782362,0.7282359708226606,0.3651539196127641,0.0748814402536;0.054688905746;0.0421117879701;0.0333860201199
Kin2,LODO,20110513,20110524;20110525,0.01,5,heldout_awake,9;15;27;36;37,0.2443302736716965,0.3038528373419167,0.8041072639277638,4.3531459620723,0.8706291924144599,0.7869371660806771,0.1673981150858364,0.6851304693857436,0.3618829104483561,0.088418950547;0.0605695444441;0.046956925859;0.0342373628171;0.0141474900045
Kin2,LODO,20110513,20110524;20110525,0.01,5,deep_anesthesia,9;15;27;36;37,1.0678503601509972,1.4340707492070104,0.7446287853939425,4.285440742715471,0.8570881485430941,0.5137314306032134,0.4701885245230845,0.4403131207041031,0.4124623275241627,0.440448044995;0.235966091596;0.164091212169;0.145369815904;0.081975195486
Kin2,LODO,20110513,20110524;20110525,0.01,5,eyes_open,9;15;27;36;37,0.2312923224085991,0.2839795258774922,0.8144683025788904,4.102720503755096,0.8205441007510192,0.5792744749163229,0.1099379252292463,0.475320253108233,0.3803128425410413,0.0879634405931;0.0535709397761;0.0491227244768;0.0350142378511;0.00562097971144
Kin2,LODO,20110513,20110524;20110525,0.01,5,eyes_closed,9;15;27;36;37,0.3142401111553975,0.3644386322693415,0.86225795876425,4.0758991677103,0.8151798335420599,0.7940599141345308,0.203408135730695,0.6473016286266092,0.3940250138468181,0.123818464149;0.0926757787884;0.052334819936;0.0239890503783;0.0214219979035
Kin2,LODO,20110513,20110524;20110525,0.01,5,recovery_eyes_closed,9;15;27;36;37,0.2385546988330956,0.2865595906853325,0.8324785021592579,3.7466397178963726,0.7493279435792746,0.536149268587559,0.0958397388337115,0.4017516288822477,0.3864271608476695,0.0921840149769;0.0703400265747;0.049027811014;0.0257261776995;0.00127666856795
Kin2,LODO,20110513,20110524;20110525,0.01,5,recovery_eyes_open,9;15;27;36;37,0.2104907397433937,0.2429510123788902,0.8663916963438141,4.226615881162441,0.8453231762324881,0.7694081308964944,0.1369028666612665,0.6503985250285266,0.35608640050252,0.0749528898543;0.0535311277506;0.0421596389026;0.032794863749;0.00705221948689
Kin2,LODO,20110524,20110513;20110525,0.01,3,heldout_awake,27;35;56,0.2781836700690261,0.2950357920051983,0.9428810930984424,2.703510514009712,0.9011701713365708,0.5998373217741154,0.1503737134327269,0.5405555020372493,0.5135160926045144,0.14285179128;0.093174058593;0.0421578201958
Kin2,LODO,20110524,20110513;20110525,0.01,3,deep_anesthesia,27;35;56,1.021820380886682,1.2156489838562945,0.840555451825619,2.302252648788496,0.7674175495961651,0.4345077232556029,0.340724833223994,0.3334488522614234,0.6795410768974735,0.694368922024;0.214156621454;0.113294837409
Kin2,LODO,20110524,20110513;20110525,0.01,3,eyes_open,27;35;56,0.1430287017822489,0.1803013433607153,0.7932758520611919,2.568518205161336,0.8561727350537786,0.6347791160735062,0.0777333206518384,0.5434805719636738,0.5618751368488617,0.0803642713872;0.045406996538;0.017257433857
Kin2,LODO,20110524,20110513;20110525,0.01,3,eyes_closed,27;35;56,0.5445298523512989,0.575024806893666,0.9469675843950048,2.6350953938191046,0.8783651312730348,0.5462596289454207,0.2612738147377076,0.4798154106878037,0.4757113575102525,0.259039035267;0.222380645139;0.0631101719459
Kin2,LODO,20110524,20110513;20110525,0.01,3,recovery_eyes_closed,27;35;56,0.2809222176736236,0.2882739552884183,0.9744973922203988,2.773504015135184,0.9245013383783948,0.4506010757941303,0.1170269419761876,0.4165812976464179,0.4842284110315202,0.136030519088;0.0969299601688;0.0479617384173
Kin2,LODO,20110524,20110513;20110525,0.01,3,recovery_eyes_open,27;35;56,0.1985670264997517,0.2337680975065098,0.8494188412267082,2.7628547625521658,0.9209515875173886,0.6303873198532695,0.1152793189396796,0.5805562029697003,0.4739471812083992,0.0941102824905;0.0723715498187;0.0320851941906
Kin2,LODO,20110524,20110513;20110525,0.01,4,heldout_awake,9;27;35;56,0.3368144663677153,0.3613863196943794,0.9320066865080994,3.617031875550077,0.9042579688875192,0.6409781186313352,0.1952208885785702,0.5796095716549146,0.4192937808524624,0.141224211049;0.0933833886361;0.0617784703027;0.0404283963797
Kin2,LODO,20110524,20110513;20110525,0.01,4,deep_anesthesia,9;27;35;56,1.2944345925235647,1.5299119969028228,0.8460843467755256,3.2391271086740048,0.8097817771685012,0.5635896604581313,0.590760061421453,0.4563846368395777,0.5206882738174312,0.673996913551;0.317421466915;0.19830518999;0.104711022068
Kin2,LODO,20110524,20110513;20110525,0.01,4,eyes_open,9;27;35;56,0.1830015159404481,0.2237850066240507,0.8177559287869669,3.5386346566964924,0.8846586641741231,0.6404641230634601,0.1036872197275572,0.5665921355607718,0.4335675523108672,0.0793435193355;0.045924753657;0.0408791996801;0.0168540432678
Kin2,LODO,20110524,20110513;20110525,0.01,4,eyes_closed,9;27;35;56,0.6338365094255772,0.6755215567550308,0.9382920546167408,3.4561183143255154,0.8640295785813789,0.5906368360003811,0.3234643258153215,0.5103276965040482,0.4085639629127853,0.25896275613;0.220272905949;0.0944918259334;0.0601090214132
Kin2,LODO,20110524,20110513;20110525,0.01,4,recovery_eyes_closed,9;27;35;56,0.3586802695932082,0.3740360404181875,0.9589457454211872,3.71519948403015,0.9287998710075376,0.5256798475776704,0.1751261346784589,0.4882513746214022,0.3862168004794577,0.138528346117;0.101453549099;0.0719651984427;0.046733175934
Kin2,LODO,20110524,20110513;20110525,0.01,4,recovery_eyes_open,9;27;35;56,0.2953641483828575,0.3396261897222462,0.8696742398588663,3.662593384510622,0.9156483461276556,0.6374643530649371,0.1724020392045775,0.5836931805992456,0.3731493586791267,0.110214942546;0.0914108368182;0.0620143079463;0.0317240610725
Kin2,LODO,20110524,20110513;20110525,0.01,5,heldout_awake,9;21;27;35;37,0.3660057522150747,0.4115798684202804,0.8892702979372448,4.397724261310168,0.8795448522620337,0.740746454313062,0.2384599691260176,0.6515197307224074,0.3517179021117489,0.12873077533;0.101459447474;0.0624631795519;0.044739231826;0.0286131180327
Kin2,LODO,20110524,20110513;20110525,0.01,5,deep_anesthesia,9;21;27;35;37,1.55335702844129,1.9027871513550956,0.8163587962715881,4.342423695468407,0.8684847390936813,0.5663808503460532,0.7640856430235337,0.4918931250404494,0.3926177206678343,0.60987549589;0.353793343212;0.282682926173;0.180593179694;0.126412083473
Kin2,LODO,20110524,20110513;20110525,0.01,5,eyes_open,9;21;27;35;37,0.2419401449964187,0.2771240475679939,0.8730391574446724,4.300103246404847,0.8600206492809693,0.7374840718187482,0.1534509072001274,0.6342515302799329,0.3758166070081477,0.0909251243916;0.0648982284069;0.0415000557699;0.0270071126273;0.0176096238008
Kin2,LODO,20110524,20110513;20110525,0.01,5,eyes_closed,9;21;27;35;37,0.6541237543440406,0.7392760761643257,0.8848166137580279,4.162138020138959,0.8324276040277917,0.6076705732412377,0.3308831107113074,0.5058417593213983,0.3934879056644852,0.257389786142;0.187666290664;0.0968678842631;0.0671452308135;0.0450545624615
Kin2,LODO,20110524,20110513;20110525,0.01,5,recovery_eyes_closed,9;21;27;35;37,0.4437154214882738,0.4885198158192408,0.9082854105808776,3.981584589973485,0.796316917994697,0.5171558838863161,0.1827308758162657,0.4118199795791745,0.4538995436824451,0.201402227338;0.101566105659;0.069336566145;0.048132215795;0.0232783065511
Kin2,LODO,20110524,20110513;20110525,0.01,5,recovery_eyes_open,9;21;27;35;37,0.3468830440950207,0.3878633826475741,0.8943433683457829,4.383139675022068,0.8766279350044135,0.7271847428717712,0.221127693515618,0.6374704595103962,0.3444866369019912,0.119496573259;0.0978972962552;0.0640531877485;0.0391792453962;0.0262567414365
Kin2,LODO,20110525,20110513;20110524,0.01,3,heldout_awake,27;35;37,0.2600471735857356,0.2849706342356355,0.9125402492198854,2.828944993785239,0.9429816645950796,0.7185834698892504,0.1762108348548649,0.6776110365866735,0.4447281263911652,0.115650292282;0.0964734314034;0.0479234499002
Kin2,LODO,20110525,20110513;20110524,0.01,3,deep_anesthesia,27;35;37,0.8058861237243151,0.8258582730898144,0.9758164929549272,2.4939418011163963,0.8313139337054655,0.4084958762525915,0.273669509862302,0.3395883137900028,0.6267646837228286,0.505100961453;0.176141992119;0.124643170153
Kin2,LODO,20110525,20110513;20110524,0.01,3,eyes_open,27;35;37,0.1728413118089299,0.1894487441413876,0.912338123919875,2.8044211315234158,0.9348070438411384,0.6141832528913936,0.0992356000778307,0.574142831012138,0.4649404321235578,0.0803609142012;0.0616692155398;0.0308111820679
Kin2,LODO,20110525,20110513;20110524,0.01,3,eyes_closed,27;35;37,0.4112406591560223,0.4813511315026161,0.8543465097345206,2.8227538522728266,0.9409179507576088,0.7423121884818258,0.2872330383366816,0.6984548632087154,0.4622409063252566,0.190092255006;0.144240993614;0.0769074105356
Kin2,LODO,20110525,20110513;20110524,0.01,3,recovery_eyes_closed,27;35;37,0.1968277279684379,0.2141033548514836,0.9193117413081676,2.77922539324548,0.92640846441516,0.5477652809907648,0.099881095186874,0.507454392822593,0.4846560349427373,0.095393746204;0.0671988445845;0.03423513718
Kin2,LODO,20110525,20110513;20110524,0.01,3,recovery_eyes_open,27;35;37,0.2238003760028072,0.2488477682460979,0.8993465265136712,2.879403681672887,0.9598012272242956,0.6607642559435449,0.1419347229954756,0.634202343760563,0.4536385191147989,0.101524471147;0.0727808328529;0.0494950720027
Kin2,LODO,20110525,20110513;20110524,0.01,4,heldout_awake,9;27;35;37,0.3352114843602528,0.3650189444928898,0.91833996404201,3.7982883644369902,0.9495720911092476,0.7448558363805311,0.2370931769180075,0.7072943141267884,0.3510640011445979,0.117680684929;0.0970291112921;0.0734883663525;0.0470133217866
Kin2,LODO,20110525,20110513;20110524,0.01,4,deep_anesthesia,9;27;35;37,1.1122016344840902,1.161637613634455,0.9574428560420896,3.425601471417051,0.8564003678542628,0.5407208232780234,0.5150311168901567,0.463073511961759,0.4744107182132133,0.527640376214;0.298629736783;0.164564364429;0.121367157059
Kin2,LODO,20110525,20110513;20110524,0.01,4,eyes_open,9;27;35;37,0.224158435778559,0.2449616102991376,0.9150757765873004,3.736798155476918,0.9341995388692296,0.6573740598527348,0.1376598521112794,0.6141185435790181,0.3785474769621382,0.0848546103038;0.0645913652428;0.0439773923971;0.030735067835
Kin2,LODO,20110525,20110513;20110524,0.01,4,eyes_closed,9;27;35;37,0.5192044253698804,0.5980907477089162,0.8681030886345882,3.780493392084473,0.9451233480211184,0.770740497150914,0.3782117841103734,0.7284448391227331,0.3670983979503279,0.190599112762;0.145514046599;0.109089359892;0.0740019061175
Kin2,LODO,20110525,20110513;20110524,0.01,4,recovery_eyes_closed,9;27;35;37,0.3365887408648815,0.3574024765096462,0.9417638740278764,3.5403635059640197,0.8850908764910048,0.558619140015792,0.1664191350147418,0.4944287042612287,0.4359929650386021,0.146750323128;0.0914176478646;0.064282768419;0.034138001453
Kin2,LODO,20110525,20110513;20110524,0.01,4,recovery_eyes_open,9;27;35;37,0.3523489135030129,0.3896172533362094,0.9043462795498,3.751029659772288,0.937757414943072,0.5824006462140179,0.1924355439007608,0.546150524454832,0.3739045685692815,0.131744868489;0.100300429999;0.0723188037324;0.047984811282
Kin2,LODO,20110525,20110513;20110524,0.01,5,heldout_awake,9;21;27;35;37,0.384215561195123,0.4250593647759246,0.9039103547281382,4.367402919461231,0.8734805838922461,0.7568681881262692,0.2540086216771989,0.6611096668940001,0.3732268945819046,0.143399580755;0.0928976384412;0.0724745197235;0.0479466833264;0.0274971389491
Kin2,LODO,20110525,20110513;20110524,0.01,5,deep_anesthesia,9;21;27;35;37,1.2214388784849008,1.3925805213894906,0.8771046698730011,4.199984319083343,0.8399968638166685,0.5630218089143105,0.5776630938049716,0.4729365537484084,0.4199650334915121,0.512961619511;0.300242111841;0.170224603351;0.138364855863;0.0996456879195
Kin2,LODO,20110525,20110513;20110524,0.01,5,eyes_open,9;21;27;35;37,0.2615655865939396,0.2900682177037849,0.901738179606592,4.249163309637186,0.8498326619274372,0.7102619739339607,0.1578819882881396,0.6036038239741339,0.4036935005500839,0.105592327276;0.061793539371;0.0450335265416;0.0315182162165;0.0176279771893
Kin2,LODO,20110525,20110513;20110524,0.01,5,eyes_closed,9;21;27;35;37,0.6049468692579584,0.6964424276121023,0.868624376220364,4.344583805939027,0.8689167611878054,0.7853858710420359,0.4128368848707006,0.6824349473485093,0.3566039457440236,0.215726440543;0.165029456982;0.108823405711;0.0761294809135;0.039238085108
Kin2,LODO,20110525,20110513;20110524,0.01,5,recovery_eyes_closed,9;21;27;35;37,0.3644539901361218,0.4022258377688727,0.906092935644638,4.016697539192958,0.8033395078385915,0.578762755834316,0.1694503269536685,0.4649429874272464,0.4065038841232086,0.148151962575;0.0997146271069;0.0660339992702;0.0346301881185;0.0159232130659
Kin2,LODO,20110525,20110513;20110524,0.01,5,recovery_eyes_open,9;21;27;35;37,0.3775627307440196,0.4188767702306556,0.9013694660988568,4.270972045561734,0.8541944091123469,0.6013500935483896,0.1939426055493976,0.5136698878282212,0.3476781071721999,0.131270295564;0.109873952366;0.0687661902195;0.0483828074187;0.0192694851761
Su,LODO,20110523,20110526;20110527,0.003,3,heldout_awake,22;33;36,0.1795220218462562,0.1818564004029131,0.9871636161747126,2.9817683066036658,0.9939227688678886,0.7826384529787945,0.1396469813899199,0.7778821782071642,0.3848896200869445,0.0690961627856;0.0567954125935;0.0536304464671
Su,LODO,20110523,20110526;20110527,0.003,3,deep_anesthesia,22;33;36,0.1343951303803049,0.1391274105200013,0.965985997137379,2.6823183492388867,0.8941061164129622,0.4836005998531625,0.0581111445923725,0.4323902542296901,0.5520153384970498,0.0741881733892;0.0369138582897;0.0232930987013
Su,LODO,20110523,20110526;20110527,0.003,3,eyes_open,22;33;36,0.1726247584570127,0.1778656279449799,0.9705346696350547,2.907369568576563,0.9691231895255208,0.7516643605290433,0.1257494310032096,0.7284553625285675,0.4330671697689003,0.074758115577;0.0580418970818;0.0398247457982
Su,LODO,20110523,20110526;20110527,0.003,3,eyes_closed,22;33;36,0.1712131819408489,0.1742225254125384,0.9827270126835568,2.7376044210584314,0.9125348070194772,0.6861450659873133,0.1072019245459026,0.6261312553780993,0.4875068137331723,0.0834675927971;0.0611807094627;0.0265648796811
Su,LODO,20110523,20110526;20110527,0.003,3,recovery_eyes_closed,22;33;36,0.1607572789482981,0.1636813624949982,0.9821355131572206,2.3853191162600096,0.7951063720866699,0.3299170049220615,0.04216970680164,0.2623191128732803,0.5993404053642141,0.0963483327301;0.0520325710632;0.012376375155
Su,LODO,20110523,20110526;20110527,0.003,3,recovery_eyes_open,22;33;36,0.1160303213704451,0.1198905640533613,0.9678019474393492,2.4381119008542824,0.8127039669514274,0.3743842948640858,0.0353038034750183,0.3042636016003555,0.555085559240745,0.0644067558268;0.0427500024486;0.00887356309506
Su,LODO,20110523,20110526;20110527,0.003,4,heldout_awake,13;22;33;36,0.2512540700044129,0.2595245789137125,0.9681320784955424,3.8565844875860655,0.9641461218965164,0.7345696640190821,0.1779462963321109,0.708232492826825,0.3458608486950824,0.0868989458898;0.0675770479517;0.0562355083784;0.0405425677845
Su,LODO,20110523,20110526;20110527,0.003,4,deep_anesthesia,13;22;33;36,0.7247586837342725,0.7445044792175912,0.9734779359500028,1.9055972328083244,0.4763993082020811,0.2292911832731262,0.079168406809068,0.1092341610881539,0.8203122711451802,0.594528441886;0.0735590554095;0.0365805135488;0.0200906728898
Su,LODO,20110523,20110526;20110527,0.003,4,eyes_open,13;22;33;36,0.2707563912337896,0.2771970086771041,0.9767651986071144,3.716312988862589,0.9290782472156472,0.6124232208089704,0.1540574333484289,0.5689890925433595,0.4019237372742223,0.108823420656;0.0685659167202;0.0564408451229;0.0369262087351
Su,LODO,20110523,20110526;20110527,0.003,4,eyes_closed,13;22;33;36,0.2282483662652254,0.2467599314314675,0.9249814787236504,3.5958846196990826,0.8989711549247706,0.7528600898082257,0.1544783811756424,0.6767995044316673,0.4203433120678291,0.09594267425;0.0625206775543;0.0451655418893;0.0246194725717
Su,LODO,20110523,20110526;20110527,0.003,4,recovery_eyes_closed,13;22;33;36,0.1972570576131638,0.2004725880519532,0.9839602487799672,3.252275721299156,0.813068930324789,0.411363242692118,0.0659759115313043,0.334466671710617,0.490390264649931,0.096732940687;0.0525445429352;0.0365254951925;0.0114540787985
Su,LODO,20110523,20110526;20110527,0.003,4,recovery_eyes_open,13;22;33;36,0.1635508627232766,0.1754168441390847,0.932355518798413,3.3986064807338563,0.8496516201834641,0.494372730403108,0.0686986552994238,0.4200445913615235,0.409925471326495,0.0670436644877;0.0471099306655;0.0409997298894;0.00839753768069
Su,LODO,20110523,20110526;20110527,0.003,5,heldout_awake,13;22;26;33;36,0.3054439488676767,0.3310099352500406,0.9227636887604244,4.8078659862018345,0.9615731972403668,0.7590945485978146,0.2229511658562488,0.7299249721029336,0.2849589725759512,0.0870389938489;0.07073448009;0.0602969021639;0.0498275602097;0.0375460125552
Su,LODO,20110523,20110526;20110527,0.003,5,deep_anesthesia,13;22;26;33;36,0.8922193157334828,0.9422371336972823,0.9469158917909204,2.57276542458868,0.514553084917736,0.2580423229866558,0.1184657341818915,0.1327764733321225,0.7070898473305868,0.630879219747;0.133462062384;0.0732692780469;0.0357232289239;0.0188855266311
Su,LODO,20110523,20110526;20110527,0.003,5,eyes_open,13;22;26;33;36,0.3187493429576034,0.3371731029508478,0.9453581562941866,4.6372007014806815,0.9274401402961364,0.6467452044280044,0.1911914222673631,0.5998174631305618,0.339141843622102,0.108101239824;0.0729602205583;0.0570223136838;0.044164428197;0.0365011406946
Su,LODO,20110523,20110526;20110527,0.003,5,eyes_closed,13;22;26;33;36,0.3125819397229598,0.3522898432351986,0.8872862664799319,4.437057987026954,0.8874115974053908,0.6719574696819156,0.1863935020026172,0.5963028515589132,0.3302426784275267,0.103227897002;0.0890441831179;0.0585090591106;0.0376723574088;0.0241284430836
Su,LODO,20110523,20110526;20110527,0.003,5,recovery_eyes_closed,13;22;26;33;36,0.2019304852596921,0.2078663897138605,0.971443654443898,3.6042595746951034,0.7208519149390205,0.4043868408068224,0.058863348014161,0.2915030285717388,0.4797247660730739,0.0968710548042;0.0520785499214;0.0344960276354;0.0119410774708;0.00654377542785
Su,LODO,20110523,20110526;20110527,0.003,5,recovery_eyes_open,13;22;26;33;36,0.1663433798466768,0.1812430923825246,0.917791556411976,3.881625740829356,0.7763251481658712,0.4775959132866096,0.0616750880611462,0.3707697181456417,0.4009125631404107,0.0666891507758;0.0430350277782;0.040128646112;0.00932498291462;0.00716557226602
Su,LODO,20110526,20110523;20110527,0.003,3,heldout_awake,30;35;58,0.1807606048221209,0.1948844786800679,0.9275269433789366,2.830758099373204,0.9435860331244014,0.606892383153293,0.103513496032092,0.57265517635303,0.4888170042616654,0.0883588573377;0.0536522399252;0.0387495075592
Su,LODO,20110526,20110523;20110527,0.003,3,deep_anesthesia,30;35;58,0.245784134791182,0.2761353187997776,0.8900858313216977,2.377925123257164,0.792641707752388,0.4005885309816346,0.0780421594096396,0.3175231773033032,0.6670209640529192,0.163943170537;0.0438318689816;0.0380090952723
Su,LODO,20110526,20110523;20110527,0.003,3,eyes_open,30;35;58,0.1797343496959295,0.1873234495391533,0.9594866533693764,2.6644340396747594,0.8881446798915865,0.5439213531194862,0.0868262235131498,0.4830808560525046,0.5651920530798158,0.101584426114;0.0455606299508;0.0325892936315
Su,LODO,20110526,20110523;20110527,0.003,3,eyes_closed,30;35;58,0.2482635452988825,0.3055870563949613,0.8124151206784426,2.869205019606728,0.9564016732022425,0.5806014245449514,0.1378578107145585,0.5552881738983971,0.4351668103144458,0.108036055125;0.0896391715457;0.0505883186281
Su,LODO,20110526,20110523;20110527,0.003,3,recovery_eyes_closed,30;35;58,0.178728034262554,0.186725537933643,0.9571697382179666,2.3025125090781926,0.7675041696927308,0.376642370509323,0.0516657331989408,0.2890745898488598,0.6207897540622079,0.110952532434;0.0565386242807;0.011236877548
Su,LODO,20110526,20110523;20110527,0.003,3,recovery_eyes_open,30;35;58,0.1352210564438438,0.1395571573415231,0.968929569931924,2.552097818761019,0.8506992729203396,0.4308301222986114,0.0495594463975898,0.3665068717916098,0.5435310861759209,0.0734968476828;0.0473699913209;0.0143542174402
Su,LODO,20110526,20110523;20110527,0.003,4,heldout_awake,7;30;35;58,0.2119890373988064,0.2292332890250394,0.9247742258570942,3.712262845523896,0.928065711380974,0.686951642609428,0.1351506990993027,0.6375362648826475,0.407279586342091,0.0863388074608;0.0543541918538;0.0402157888505;0.0310802492337
Su,LODO,20110526,20110523;20110527,0.003,4,deep_anesthesia,7;30;35;58,0.3470129351615631,0.4573689325931548,0.7587155804267163,3.392716835424036,0.8481792088560091,0.4595446245445955,0.1352573818579225,0.3897761960802667,0.4545491935212826,0.157734449819;0.108603293209;0.0433372714054;0.0373379207282
Su,LODO,20110526,20110523;20110527,0.003,4,eyes_open,7;30;35;58,0.2067618221436674,0.2161772164263795,0.9564459454221969,3.4755180054829893,0.8688795013707473,0.5933366840064559,0.1065935932486489,0.515538082144502,0.4860411481277517,0.100494753424;0.0459761649902;0.0322403760457;0.0280505276841
Su,LODO,20110526,20110523;20110527,0.003,4,eyes_closed,7;30;35;58,0.2898730517006179,0.3513615580982153,0.8249993347866198,3.743083720460723,0.9357709301151808,0.6490895406258245,0.1760686374305131,0.6073991231594632,0.3650010608923638,0.105803971395;0.0895421950643;0.0528460399785;0.041680845263
Su,LODO,20110526,20110523;20110527,0.003,4,recovery_eyes_closed,7;30;35;58,0.1828504942157025,0.1947040429643176,0.9391201714759077,2.5323345063880303,0.6330836265970076,0.3757515448179078,0.0434968688192633,0.2378821506927491,0.6045184712211605,0.110536501225;0.0565465380536;0.0114523915272;0.00431506340963
Su,LODO,20110526,20110523;20110527,0.003,4,recovery_eyes_open,7;30;35;58,0.1360659570179966,0.1406275343606577,0.9675627012633076,2.6683276589595724,0.6670819147398931,0.4274943060363469,0.0388024351569095,0.2851737202111281,0.5387686197787007,0.0733080678615;0.0473315131955;0.014050142642;0.00137623331902
Su,LODO,20110526,20110523;20110527,0.003,5,heldout_awake,13;26;33;35;58,0.3000603419198557,0.327106245608483,0.9173176787306015,4.642743634329753,0.9285487268659504,0.6683405829663497,0.186213486626669,0.6205867974262511,0.3423840588143056,0.102735877756;0.0663370410849;0.0492858527939;0.0486377198157;0.0330638504698
Su,LODO,20110526,20110523;20110527,0.003,5,deep_anesthesia,13;26;33;35;58,1.1719517460232551,1.261122627224713,0.9292924579446398,2.3132557945333327,0.4626511589066665,0.1273007489519074,0.0690230813873929,0.0588958390322865,0.748549437680402,0.877263820474;0.179900684384;0.045615210134;0.036549680637;0.0326223503944
Su,LODO,20110526,20110523;20110527,0.003,5,eyes_open,13;26;33;35;58,0.3404483273109969,0.3534628076723138,0.963180057197468,4.179323480465974,0.8358646960931948,0.5801824418046646,0.1651017850671277,0.4849540203976636,0.4329275986995211,0.147389476824;0.0778426493877;0.0505531157247;0.0329233904028;0.0317396949717
Su,LODO,20110526,20110523;20110527,0.003,5,eyes_closed,13;26;33;35;58,0.3299687894551887,0.4235837244127114,0.7789930784349245,4.405925744337932,0.8811851488675864,0.609863172916831,0.1773260097483641,0.5374023708155763,0.3016249544312423,0.0995268210832;0.0924125776142;0.0748985292286;0.0459544956688;0.0171763658604
Su,LODO,20110526,20110523;20110527,0.003,5,recovery_eyes_closed,13;26;33;35;58,0.1993202528983977,0.2426026388564254,0.8215914461522299,3.225349202085801,0.6450698404171601,0.4097149036725484,0.0526792919307106,0.2642947275285829,0.5270494058744543,0.105051620869;0.0566718258121;0.0235773467982;0.010991323817;0.00302813560228
Su,LODO,20110526,20110523;20110527,0.003,5,recovery_eyes_open,13;26;33;35;58,0.1709915730144769,0.1956178910841135,0.8741100932375989,3.670676682430188,0.7341353364860377,0.4326175208122274,0.0543068909661275,0.31759980921124,0.4312757929445874,0.0737445262387;0.0470855501004;0.036704345277;0.00837119288364;0.00508595851475
Su,LODO,20110527,20110523;20110526,0.003,3,heldout_awake,22;33;36,0.1727093250791747,0.1741508853413828,0.9917223489310306,2.954786829500871,0.984928943166957,0.7474230410934961,0.1271414525328833,0.7361585859628502,0.4006357496999487,0.0691935299333;0.0586241925608;0.0448916025851
Su,LODO,20110527,20110523;20110526,0.003,3,deep_anesthesia,22;33;36,0.1870847624400464,0.2008875926207504,0.931290778088212,2.5284453469968664,0.8428151156656222,0.3150150773569896,0.0496709050594532,0.2654994688590461,0.59279240072027,0.110902425465;0.0526413399342;0.0235409970409
Su,LODO,20110527,20110523;20110526,0.003,3,eyes_open,22;33;36,0.172995536819645,0.1796640172566954,0.9628836060838892,2.812082719415246,0.9373609064717486,0.6683726199946415,0.1083828049235597,0.6265063649390747,0.4881637983003819,0.0844501583429;0.0544773098489;0.0340680686278
Su,LODO,20110527,20110523;20110526,0.003,3,eyes_closed,22;33;36,0.2058297267662626,0.2091666787152248,0.9840464457844864,2.931881351514761,0.9772937838382538,0.7511699006172765,0.151102417033526,0.7341136744796632,0.4351092362523505,0.0895584152113;0.0608366230657;0.0554346884892
Su,LODO,20110527,20110523;20110526,0.003,3,recovery_eyes_closed,22;33;36,0.1273252210038018,0.1312950256389556,0.9697642418984688,2.733657167820406,0.9112190559401352,0.4475005082547939,0.0519195315053175,0.407770990664664,0.4767572222887448,0.0607032186931;0.0475127533773;0.0191092489335
Su,LODO,20110527,20110523;20110526,0.003,3,recovery_eyes_open,22;33;36,0.152418158256642,0.1614577069394266,0.944012900628052,2.6843356376792453,0.8947785458930818,0.3934035953250003,0.0536525782503627,0.3520090969740141,0.5498305844056263,0.0838041650283;0.0424406786293;0.0261733145991
Su,LODO,20110527,20110523;20110526,0.003,4,heldout_awake,30;33;35;58,0.2911432555979998,0.3097267272974678,0.9400004259831922,3.700060508623968,0.925015127155992,0.4860667840486792,0.1309035767205114,0.4496191280530931,0.4151139539024375,0.120857627983;0.0702786244207;0.0583987339118;0.0416082692822
Su,LODO,20110527,20110523;20110526,0.003,4,deep_anesthesia,30;33;35;58,0.2580607440920993,0.3205229865881284,0.8051239845200463,3.293862356362034,0.8234655890905085,0.5321245562897655,0.1130786726199949,0.4381862612146772,0.5160751419399116,0.133178735136;0.0600620362364;0.0413835146187;0.0234364581005
Su,LODO,20110527,20110523;20110526,0.003,4,eyes_open,30;33;35;58,0.319922086745013,0.3386611870993861,0.944667115488278,3.4475271217752166,0.8618817804438041,0.3818320742903764,0.1052844737732282,0.3290941080199405,0.482315501141843,0.154303381595;0.0792549447296;0.0453349243682;0.0410288360524
Su,LODO,20110527,20110523;20110526,0.003,4,eyes_closed,30;33;35;58,0.3330788153652292,0.3745087483269635,0.889375259865588,3.5965487993227043,0.8991371998306761,0.5913393210901526,0.1770964011277252,0.5316951813147729,0.3864183592805146,0.128707769345;0.109303005508;0.0592743466477;0.0357936938646
Su,LODO,20110527,20110523;20110526,0.003,4,recovery_eyes_closed,30;33;35;58,0.1989248309911644,0.2167230533758933,0.9178757307656656,3.078569733971275,0.7696424334928188,0.4789771483797266,0.073331876086254,0.3686411380664238,0.4821668431391191,0.095914957781;0.0696603664614;0.0224625451758;0.0108869615729
Su,LODO,20110527,20110523;20110526,0.003,4,recovery_eyes_open,30;33;35;58,0.1467849425548122,0.1732357107399686,0.8473134201246777,3.5801200612285573,0.8950300153071393,0.5138321213119825,0.0675056863156488,0.4598951714031636,0.4164422244083369,0.0611274479872;0.0439718972517;0.024684758847;0.0170008384689
Su,LODO,20110527,20110523;20110526,0.003,5,heldout_awake,26;30;33;35;58,0.3184514930756457,0.3745089760362181,0.8503173847690336,4.741900200158062,0.9483800400316124,0.5707273579179375,0.1723671042339712,0.5412664345493499,0.3097719949522734,0.0986473543056;0.0732013237966;0.0577512288416;0.0516746991959;0.037176886936
Su,LODO,20110527,20110523;20110526,0.003,5,deep_anesthesia,26;30;33;35;58,0.4112300326831469,0.5117365089804875,0.803597213539492,3.794516993105771,0.7589033986211542,0.5244788592522284,0.163681391823547,0.3980287887914621,0.500498827155547,0.205820149049;0.0853876825826;0.0583138133511;0.038681244313;0.0230271433873
Su,LODO,20110527,20110523;20110526,0.003,5,eyes_open,26;30;33;35;58,0.3106039649245432,0.3591965662273572,0.8647186363355801,4.467927660906054,0.8935855321812107,0.4719369255856062,0.1309866644071042,0.4217160088053783,0.3742234829324232,0.116235297567;0.0746326398506;0.0449732161193;0.0432531466265;0.0315096647614
Su,LODO,20110527,20110523;20110526,0.003,5,eyes_closed,26;30;33;35;58,0.3978272911411901,0.5153432808847686,0.7719656118503752,4.497249709399638,0.8994499418799276,0.6165866319970134,0.2206305641042964,0.5545888103136539,0.337439762002393,0.134242746441;0.0937204783799;0.0890612599308;0.0476701219435;0.0331326844462
Su,LODO,20110527,20110523;20110526,0.003,5,recovery_eyes_closed,26;30;33;35;58,0.1955590298066194,0.2319897622761833,0.8429640510334537,3.182700172082353,0.6365400344164706,0.4631245439346195,0.0576502765463289,0.294797313135255,0.4816117318063223,0.0941835230155;0.0670630571067;0.0236559470683;0.0088530055811;0.001803497035
Su,LODO,20110527,20110523;20110526,0.003,5,recovery_eyes_open,26;30;33;35;58,0.151512877688122,0.185630513195469,0.8162067489873224,4.064438902507729,0.8128877805015458,0.5090037857344436,0.0626904163946872,0.4137629576525562,0.3998073374026441,0.0605759602107;0.0442606773731;0.0234395214986;0.0149269647036;0.00830975390203
