animal,date,state,block,session,start_s,rms_median,delta_fraction,theta_fraction,alpha_fraction,autocorr_25ms,autocorr_50ms,autocorr_100ms,pc1_variance_fraction,covariance_effective_rank,mean_abs_correlation
George,20110112,eyes_open,1,1,30.57,100.56389666137729,0.5133131125833963,0.17839831699288466,0.0916578118099186,0.5235906317952879,0.36293994601033525,0.07596344462363334,0.9439101030195719,1.484657006681112,0.06796576255263996
George,20110112,eyes_open,2,1,135.188,112.64341819011686,0.5348795581001202,0.1721410960456014,0.10068104924683778,0.5237931269700128,0.3285605585703132,0.07873858103579877,0.14109266435192588,25.857733362510107,0.07377407768030692
George,20110112,eyes_open,3,1,239.80599999999995,109.60460060409866,0.5481776078265351,0.18681742839516918,0.08754680460686406,0.5533374423494685,0.35900568058152754,0.08831006216443887,0.17613857614655457,24.610300211901297,0.07698072473255377
George,20110112,eyes_open,4,1,344.4239999999999,118.24720879943109,0.526728416802624,0.1760063875312136,0.08915150507026146,0.5553374607083114,0.35276703352515154,0.06495084773427592,0.16807554744867192,25.923666259147176,0.07062292409791007
George,20110112,eyes_open,5,1,449.0419999999999,92.02465406791696,0.5038674356699205,0.16855280395446054,0.09610548295372363,0.46283422964273546,0.3059338156058832,0.06570575675195107,0.14008179728326853,25.773991810196392,0.06270390394171342
George,20110112,eyes_open,6,1,553.66,95.83542578695806,0.5255122989800274,0.1621460844941452,0.08468964043498647,0.5069212132766789,0.3106251267867808,0.0636485920614251,0.1611802061319808,24.510848348385192,0.0692734361436931
George,20110112,eyes_closed,1,1,750.12,113.06525007132679,0.5903800538199706,0.16419781133175596,0.09430539806416464,0.5995160203121468,0.35028151270280317,0.12742334004407543,0.2057811547087312,20.806277958505124,0.07560835395343098
George,20110112,eyes_closed,2,1,843.134,128.11762406803342,0.5698007697236328,0.18046430039462386,0.09654137423536328,0.580730905413615,0.3652070239751753,0.1289603705811506,0.19456131933340215,24.35026479514091,0.07464689625991323
George,20110112,eyes_closed,3,1,936.148,114.87608109572571,0.583092697616358,0.18549320001651218,0.1031402365676906,0.5703160517674027,0.31271103961926844,0.09182041500693758,0.17703930499166762,24.097816293946376,0.07969034314940592
George,20110112,eyes_closed,4,1,1029.162,122.78416241759778,0.5740925208403453,0.1889946609401848,0.10319466261060242,0.5634588396054367,0.3020259619987527,0.07204463778582867,0.18463333253137407,25.380307007869405,0.07570242604483782
George,20110112,eyes_closed,5,1,1122.176,117.70948809796278,0.641572675044916,0.16666666570693675,0.08603628808004243,0.5952270621536921,0.3555937916943459,0.12672774138625603,0.1746987178697837,24.61796791166688,0.07748086128519592
George,20110112,eyes_closed,6,1,1215.19,124.6310645583013,0.5771535810593819,0.17080138900360797,0.11085372317853062,0.5822796358170639,0.34280911998348057,0.11855199484489662,0.19538214397502465,25.266853397224146,0.08022710195957683
George,20110112,deep_anesthesia,1,1,2068.84,229.8129920757452,0.9316949805220957,0.05638272591681184,0.010613494897885652,0.9266959648854591,0.8086282653199915,0.5224063085012678,0.36970130416040264,11.073527450542985,0.20022429900013008
George,20110112,deep_anesthesia,2,1,2268.226,229.04761183502728,0.9301773556974886,0.04640742185745004,0.008616910106033368,0.9312117118292392,0.8119186032019637,0.5416481718837034,0.2524439469032557,13.72393712730068,0.1420934255299797
George,20110112,deep_anesthesia,3,1,2467.612,235.1023230262709,0.9317615346941072,0.053102792982873535,0.009440335492762202,0.9275322294719903,0.816562312091948,0.5515094994467337,0.20892976275737937,14.411389182045063,0.13017310884657088
George,20110112,deep_anesthesia,4,1,2666.998,221.40463406381156,0.9298853198349097,0.05142302059007302,0.009541606749241859,0.9299310791302214,0.8188514380206035,0.5524648525301704,0.2260692875633011,14.724177929289663,0.13650351165792998
George,20110112,deep_anesthesia,5,1,2866.384,234.65232959762153,0.9331495699830956,0.04890346324738135,0.009814484250175944,0.9351443809292782,0.8153929482780209,0.5599733173311354,0.6807994797528484,4.508782835975992,0.12868808436421617
George,20110112,deep_anesthesia,6,1,3065.77,239.72247522957048,0.9332749671812519,0.04769320189062705,0.010899802824364856,0.9334731515190996,0.8304817647160284,0.5660421276866799,0.23921119031329605,15.050678678691222,0.13827855700525096
George,20110112,recovery_eyes_closed,1,2,342.81,96.59267166581782,0.7222263523144323,0.0980153637789771,0.047896007560452446,0.7026054040808563,0.5715705379809094,0.36428540521720454,0.5266382192436595,10.11443878442766,0.0834718445974821
George,20110112,recovery_eyes_closed,2,2,982.278,111.97082831414139,0.7397715225511751,0.12061412181816929,0.04320390712526225,0.7658911174393603,0.5871208956609125,0.26963586401643747,0.15001518566277072,26.887459072796958,0.10404101849718403
George,20110112,recovery_eyes_closed,3,2,1621.746,97.76258777071446,0.6894057805238045,0.12692063592274758,0.06409983670001637,0.6689458712365813,0.4947557745825227,0.22516091423781384,0.14314113348401708,29.880818463069364,0.07407680480815977
George,20110112,recovery_eyes_closed,4,2,2261.2140000000004,89.49987879237277,0.6533023423944286,0.12100701455255218,0.07001008824600596,0.63712127652252,0.4752935820550278,0.23454835426533152,0.16186948072558016,27.07647392589177,0.07716660390734015
George,20110112,recovery_eyes_closed,5,2,2900.682,85.38645262113582,0.6465130821334447,0.14147293007492703,0.07960381466550354,0.6120340601242844,0.42472030423499013,0.1881436203374418,0.16072497439663097,26.603806497949865,0.06969820523344233
George,20110112,recovery_eyes_closed,6,2,3540.15,84.16051253856843,0.5543349880271232,0.1390515607469488,0.09078228273327302,0.5366711757872683,0.3549744093817228,0.18116545294457362,0.1746053172238051,25.79930874858037,0.06194443497677143
George,20110112,recovery_eyes_open,1,2,3695.26,95.68381928148733,0.5876128204139772,0.15608510979070483,0.07542897564804078,0.6014352653871833,0.3819586992048862,0.11013204215689291,0.18023848953696095,23.869303682482126,0.06963226564138877
George,20110112,recovery_eyes_open,2,2,3792.526,101.13606142089439,0.6089639446496136,0.156101755135043,0.0745854863980348,0.5911617120852709,0.38297357604758575,0.11640272941796305,0.16046880056378815,24.926581828319126,0.06458302211364321
George,20110112,recovery_eyes_open,3,2,3889.792,99.68716575360571,0.5926990707584022,0.1590295928618339,0.0742179072678062,0.5976960093212184,0.38187025399073826,0.1214162358074664,0.14906109451880303,25.742260386344284,0.06431647302245272
George,20110112,recovery_eyes_open,4,2,3987.058,99.78580054913733,0.6154247398301551,0.15716003718421787,0.07126353544527231,0.5847497948721054,0.38278919120298793,0.12850256406883542,0.171137617366505,24.54688964322536,0.06424609208704375
George,20110112,recovery_eyes_open,5,2,4084.324,101.07765215842504,0.599898711461149,0.1399852952976552,0.06598649199003788,0.5922443035996457,0.40742197608415404,0.15055811994824983,0.14573653274621823,25.717493392207963,0.06635147051472572
George,20110112,recovery_eyes_open,6,2,4181.59,95.10717541930086,0.605586562451764,0.15302406836636484,0.06862834014258172,0.6005071569983623,0.3872562925712645,0.12257676891916176,0.15985755337454802,25.15498281741182,0.06465183897401705
George,20110113,eyes_open,1,1,62.16,104.97026551504659,0.5497383973749486,0.2015882574259154,0.09028641335706353,0.5275084894971872,0.32726339466056514,0.049552035916483855,0.12372022459657388,26.751935718577627,0.06641416216592345
George,20110113,eyes_open,2,1,161.222,112.22002137900718,0.4706956170602287,0.24279807814332235,0.09295943762534102,0.5535718090130894,0.3524126612622219,0.05526437090796086,0.7587309383495027,2.8785586417804407,0.06160462083820563
George,20110113,eyes_open,3,1,260.284,107.75937402837766,0.4909485545593891,0.23785348214168064,0.09450135254109361,0.5311180298891708,0.2987106415088456,0.021511585513598337,0.12897907434995837,27.2639005436732,0.06680131549673017
George,20110113,eyes_open,4,1,359.346,96.76982014619546,0.49349575568413023,0.2192363443702039,0.09944441580990414,0.5119727201653915,0.32381985711261485,0.04862819957285142,0.13594702494305363,26.490294858230133,0.06302134154567363
George,20110113,eyes_open,5,1,458.408,100.43169418707159,0.5277019834756818,0.1946352684949549,0.09634861325727095,0.5241288727116771,0.3284504307520825,0.053732866598574625,0.13704578612426802,25.474462722376977,0.06327211826185057
George,20110113,eyes_open,6,1,557.47,100.29274689433525,0.5409625615653934,0.1901775496442111,0.09159051656762245,0.5079933675107068,0.3331097130471864,0.0606057570463801,0.1336447070770011,26.52617872869144,0.06474900391532575
George,20110113,eyes_closed,1,1,774.54,111.01599457801467,0.5997665550186536,0.19292690180155994,0.09208968013185169,0.5868546377691526,0.34473133429331126,0.0856858332630052,0.17262439700771698,22.901292576010803,0.07742436378010405
George,20110113,eyes_closed,2,1,870.846,108.17046560785079,0.5513302433378364,0.19451501722065673,0.10897191659301239,0.5682021331255745,0.3149897664771377,0.07848898947235862,0.16189663199460985,23.92779882067036,0.07578948880417277
George,20110113,eyes_closed,3,1,967.152,103.79748368243126,0.5579419035074368,0.20904164048330776,0.10423217217079439,0.5567445895119585,0.2865300888895013,0.06148022539839816,0.18114810582372926,23.578399649916758,0.07408396804186884
George,20110113,eyes_closed,4,1,1063.458,119.23584290762248,0.5778140890545339,0.19250459013973162,0.09328038120818453,0.6241717107656226,0.3797643809278082,0.14537104565155484,0.6807984206925863,4.8108824821981475,0.07169965025502653
George,20110113,eyes_closed,5,1,1159.764,99.17216049279848,0.5162708496600332,0.20785636771532118,0.11150109307361018,0.5411462154442234,0.28327492301060303,0.05770260489555228,0.19554072676680426,21.50929979234051,0.07663630333210454
George,20110113,eyes_closed,6,1,1256.07,115.00298277645689,0.5336839609460071,0.20886992908105506,0.11252323013857722,0.6051037521528835,0.33916403208650514,0.09323397967767504,0.17292203961926797,23.56481776475638,0.07886736213529869
George,20110113,deep_anesthesia,1,1,2142.75,205.2793446834024,0.9059087393568204,0.05923721204027758,0.014297071125287086,0.8974263874671401,0.7668020216890765,0.4472737816864514,0.28352056960158367,16.46739129766861,0.17025118322803512
George,20110113,deep_anesthesia,2,1,2346.74,226.17787456057903,0.9040676397290252,0.06399674413524103,0.013202080726412928,0.9004329555593625,0.76202075790136,0.45343361994152637,0.3628622164807603,9.834224103895238,0.20082054779651717
George,20110113,deep_anesthesia,3,1,2550.73,202.76125852138003,0.9028932207389833,0.06542120177704736,0.014878012237525507,0.9102342127992562,0.7746992331934294,0.4878840560726168,0.317223879157576,15.03172007731258,0.18356353626581687
George,20110113,deep_anesthesia,4,1,2754.72,200.99784166557473,0.92027073717372,0.053112887193155656,0.012650378030544977,0.9190602008924136,0.7962637275010247,0.5182074141213129,0.2971452265450909,15.545015139346543,0.15932259184100844
George,20110113,deep_anesthesia,5,1,2958.71,216.64656076478283,0.9288637939134391,0.049332125411981606,0.009917896270422753,0.9229566571647957,0.8078017159207304,0.49958502039422326,0.24918103926042795,16.03944050586276,0.131578741147691
George,20110113,deep_anesthesia,6,1,3162.7,222.7016468504319,0.9334166062481825,0.04584033648934704,0.009484834898236304,0.9216724530284914,0.8121638540242778,0.5568252659982285,0.252814709723329,16.28459184921998,0.12830015022589372
George,20110113,recovery_eyes_closed,1,2,286.46,95.17001261599702,0.7056673517464853,0.12660992129993087,0.056637467205079874,0.694246709650229,0.5532597695997585,0.32978581579786015,0.9519831950174186,1.3180347708925353,0.08074890664059645
George,20110113,recovery_eyes_closed,2,2,935.39,109.8984920436211,0.7706715306534924,0.10909849845113663,0.03710271881272869,0.7646310107357215,0.564989905485406,0.24616390342369066,0.18868234434366193,23.03874529759691,0.11828200090061461
George,20110113,recovery_eyes_closed,3,2,1584.3200000000002,107.37169772509577,0.6759367288956953,0.13801933664062252,0.046604032649186035,0.7250287435918055,0.508222236274877,0.23146317273804584,0.7554212265024189,3.4801061009640057,0.09533452283213832
George,20110113,recovery_eyes_closed,4,2,2233.25,92.48319297199309,0.6528531208843709,0.14637163225690464,0.0617003547239819,0.6550469256992526,0.45406025013377677,0.20294791162114328,0.24666388553624988,21.932901619702328,0.08616863495039885
George,20110113,recovery_eyes_closed,5,2,2882.1800000000003,100.48573380876365,0.6245425882021747,0.1410005246543105,0.07283377736575684,0.6205284160349616,0.42663028929698604,0.18120484252965036,0.18927140468462478,22.03308205492836,0.07237224967678854
George,20110113,recovery_eyes_closed,6,2,3531.11,90.5639788504837,0.6316411311815184,0.12604303928143107,0.07233730453788559,0.5967079037351877,0.4064353739952669,0.2024118387193929,0.16030611715775023,25.99393644533538,0.07278052094604359
George,20110113,recovery_eyes_open,1,2,3671.11,95.28831384968368,0.5855520161850429,0.1701433926496654,0.07844185967032377,0.5844711653990851,0.35375118400132344,0.11471600418661657,0.16604251424022629,24.846170987556828,0.06575105278260004
George,20110113,recovery_eyes_open,2,2,3768.882,92.00472702362612,0.5668082085710463,0.17988180676234972,0.08142289259088531,0.5888821152895255,0.32584709914824883,0.07856405005096519,0.12992029504255329,25.281476381551784,0.061526318604666536
George,20110113,recovery_eyes_open,3,2,3866.654,92.53573755141501,0.6140966716368964,0.15953297470359057,0.07366343820475714,0.6195368944507722,0.3892994701342435,0.11362079422192535,0.14689271716182767,25.23032189972505,0.06324450204592069
George,20110113,recovery_eyes_open,4,2,3964.426,97.96305373237132,0.5760578283880011,0.16416680592383442,0.07529424186053406,0.6059640682588501,0.4021833529711628,0.14408020960186552,0.1368623125686188,26.20184147962687,0.06336270371055434
George,20110113,recovery_eyes_open,5,2,4062.198,92.57550776945759,0.5845303282572114,0.17282304650314537,0.07478714423822942,0.5922769093252498,0.3627874946786053,0.0945171601076315,0.16938676591737292,23.994746910598028,0.0645484564241219
George,20110113,recovery_eyes_open,6,2,4159.97,91.93880998381357,0.5654231190789236,0.16898782187557004,0.0766704257737489,0.5793635602509083,0.36380292735565345,0.11551321903891718,0.16057147307477124,24.53866375474727,0.06340780887010507
George,20110114,eyes_open,1,1,56.99,111.1364641331095,0.5205746125668587,0.19694713312881856,0.09697256811771814,0.5598396420364752,0.33591844755896216,0.04604503698208331,0.13421756196121595,26.489577302886453,0.06788438067423565
George,20110114,eyes_open,2,1,151.774,105.84125104826033,0.5434233287156535,0.1896919940930727,0.10166043251176458,0.4971124211521649,0.30761530844762247,0.06192590256027559,0.13619038321131566,25.806742620027663,0.06845417695808273
George,20110114,eyes_open,3,1,246.558,112.11160034278879,0.5502900742843175,0.1961114063166449,0.0850322421882524,0.5543593392271597,0.3514000648130052,0.06596975202069685,0.12402141357471445,27.595293104526476,0.06986479668168782
George,20110114,eyes_open,4,1,341.342,106.48052359839721,0.5626578416931466,0.18762850215672253,0.08176371734547612,0.5175907623127757,0.3494715640530602,0.06029880554499758,0.1378802212875409,26.849209218023177,0.0695998578235622
George,20110114,eyes_open,5,1,436.126,98.37393002388454,0.49084065675975735,0.22189281550339912,0.09985923534394031,0.4931597762201998,0.31495119746683026,0.05190377904563922,0.11459555850949045,27.494972013983716,0.06231129520084173
George,20110114,eyes_open,6,1,530.91,107.71149650886703,0.5675987828009815,0.20226250609622287,0.07989287621873459,0.544658117058164,0.35407261064571005,0.06421111050853158,0.14537073481977625,25.918380953730825,0.06993157205214541
George,20110114,eyes_closed,1,1,725.39,118.35534787037044,0.5496290147765671,0.20694539144337687,0.09970837011936716,0.5812789703820245,0.3410290860961468,0.08003600941917459,0.17407826416946764,22.95674777238637,0.07451391190761124
George,20110114,eyes_closed,2,1,817.578,124.1859348008818,0.5122350554304794,0.21020975288969243,0.12577753608081899,0.5938775134894109,0.344784405849336,0.13166690293309438,0.14162343360988794,26.798097434544527,0.07795588036464185
George,20110114,eyes_closed,3,1,909.766,117.3460576277982,0.5745397983229255,0.20324285881597665,0.09965946610330427,0.5602403718951372,0.28684325323443727,0.06973067548301025,0.16118845024042577,26.948730428753084,0.07723245134640433
George,20110114,eyes_closed,4,1,1001.954,138.1239561458088,0.677752125456965,0.16361776155754487,0.07105451931125718,0.6683875935993404,0.4030336577679485,0.14995146857703082,0.1679274405470422,25.115399928467397,0.0897850258952119
George,20110114,eyes_closed,5,1,1094.1419999999998,126.51608427252205,0.5652844103848762,0.2145085465997036,0.1013693896926877,0.632942157622757,0.35712993389579917,0.1185162696627399,0.14645737850208942,26.055409692212443,0.07959837142866814
George,20110114,eyes_closed,6,1,1186.33,103.26234933228007,0.5051875235358237,0.21325300495478908,0.1272410573436879,0.5237850829607669,0.25532949981141534,0.051831141618141945,0.15012248781958992,24.70308691923583,0.07452775051616299
George,20110114,deep_anesthesia,1,1,1858.73,177.83234566282545,0.9015270123385609,0.057301256995333325,0.014186052586136083,0.8962706266168982,0.7645630520704076,0.45073527205886005,0.2824773732099905,16.26812292147387,0.15961585080683519
George,20110114,deep_anesthesia,2,1,2069.32,180.13797741645234,0.9071161545857948,0.05890449876161202,0.012048482950513001,0.9011587865840883,0.7650566840544144,0.47121999522211366,0.33842284129377126,14.05153627948488,0.1672056074962736
George,20110114,deep_anesthesia,3,1,2279.91,176.05667427538057,0.9073743357248808,0.06444021196297978,0.011093867769924997,0.9041579204502362,0.777952860942638,0.48201195522498774,0.3571927396949797,12.982145977472955,0.16659801027544305
George,20110114,deep_anesthesia,4,1,2490.5,195.72485185018576,0.9216154048546482,0.05302873938426466,0.008809581980363258,0.9182811057599268,0.7991024496047834,0.5369845861223365,0.29174523368375094,14.065977707220933,0.1510770854945383
George,20110114,deep_anesthesia,5,1,2701.09,198.4952375299248,0.9253279885494834,0.05311526553393869,0.009774087095562482,0.918267036906784,0.8077173169671853,0.5309068520829638,0.2767721518694273,15.042013129234292,0.13788215086326075
George,20110114,deep_anesthesia,6,1,2911.68,209.60114100948684,0.9363269895390086,0.04357092644912701,0.010888309515312779,0.9160053042465838,0.813242240141663,0.5534479243279246,0.19702227036581077,18.573672440501596,0.12197074108189496
George,20110114,recovery_eyes_closed,1,2,273.88,91.74497692343706,0.6332173055931102,0.11830031046124218,0.06615298609825836,0.6659724722215562,0.5031307667302467,0.31809419687692564,0.22121071450599922,24.559132575626617,0.08472893674025601
George,20110114,recovery_eyes_closed,2,2,932.934,93.50684695934888,0.6695727651010009,0.1431747035321269,0.055193451971270326,0.6798073678090135,0.4692313759175596,0.1944119131236271,0.18088783274791256,26.4590661804391,0.09975544221562317
George,20110114,recovery_eyes_closed,3,2,1591.9879999999998,83.36816392035958,0.6018556069795007,0.14677232426011408,0.07651549814728094,0.5976913311311418,0.4223036338900825,0.21632900507823988,0.19069148661917534,26.450009299192647,0.07353893651739926
George,20110114,recovery_eyes_closed,4,2,2251.042,89.93509759474551,0.5711396216921135,0.15089290456131046,0.08234031902734808,0.5686168298385522,0.3824392046976518,0.18792994263842597,0.16869015598460677,26.206200897735734,0.06759010238976451
George,20110114,recovery_eyes_closed,5,2,2910.096,87.38892489349985,0.5686650813587322,0.1447513413472891,0.08891289240219154,0.5499877972838221,0.36074829884577614,0.1707182333425674,0.1614423099458227,26.572474967759167,0.06280620320357196
George,20110114,recovery_eyes_closed,6,2,3569.15,97.53334846446573,0.601910393604929,0.13426416596204854,0.07877755872932662,0.5634788043029086,0.37160506043919395,0.16778377804840186,0.1351438951098474,28.9725657887581,0.06072967106956369
George,20110114,recovery_eyes_open,1,2,3709.15,83.43850398640886,0.5460125729133051,0.17100511490559453,0.0830228071586104,0.5477051313408514,0.34219330264621717,0.10071420315033768,0.14635552797786114,25.027065268029727,0.06231969011524425
George,20110114,recovery_eyes_open,2,2,3808.744,92.12161628574276,0.5552300159723125,0.1560742088596861,0.08384305154542986,0.5679493092631676,0.35940466224004686,0.11703602396373378,0.1669403355751027,24.207322879091745,0.062481331385158
George,20110114,recovery_eyes_open,3,2,3908.338,92.00441262028542,0.5640453584476851,0.1753494653102516,0.08311008186982552,0.5806363380956414,0.3462934696014453,0.09992190591736384,0.15402666507227947,24.812843445467326,0.05879344060426796
George,20110114,recovery_eyes_open,4,2,4007.932,96.68694998048353,0.5797256451880057,0.16674985911923684,0.07575671012361496,0.5817726362736508,0.3784165731179549,0.11082039215305661,0.15857415689331147,24.525316580906576,0.06475513913626298
George,20110114,recovery_eyes_open,5,2,4107.526,96.74440388678518,0.6000419716467575,0.15242935908652738,0.07589022849224937,0.5880125987372447,0.378403530036574,0.12453371013074405,0.15286611881688558,24.96424562581311,0.06161713982383732
George,20110114,recovery_eyes_open,6,2,4207.12,100.22657025769628,0.6020294542614829,0.15599398607652304,0.0717130227029525,0.5823389253029508,0.3808426197638491,0.12662433771061246,0.15937692377494034,25.501526874013113,0.06656262746437912
Kin2,20110513,eyes_open,1,1,89.72999999999999,101.18856482916081,0.4366529341519143,0.18583091387516576,0.11442681496172691,0.4764678601403771,0.27155744715870167,0.06269170304192023,0.9819545924155422,1.1584217888832407,0.06567893488232451
Kin2,20110513,eyes_open,2,1,301.67,100.9718094135848,0.4492593675930495,0.1969387490746598,0.1115617231763773,0.46798150246322845,0.25395967115269197,0.04764079220382106,0.9748502375798367,1.2180976123505647,0.0631584500996668
Kin2,20110513,eyes_open,3,1,513.61,98.00982681199969,0.464153751959366,0.18281631339991158,0.10672428467484663,0.4693058715381354,0.26761084243566835,0.05504800741570608,0.9684346748633877,1.2736576329295475,0.06195318388535361
Kin2,20110513,eyes_open,4,1,725.55,105.10215356522261,0.44745981454994593,0.22807360175480518,0.1222877695561625,0.4607339213184054,0.23482577088443252,0.0021915212458036484,0.9149322000708233,1.7557514092407513,0.060553877203304456
Kin2,20110513,eyes_open,5,1,937.49,104.37291062027309,0.4875613296044548,0.17485946005546354,0.11407003787904585,0.5038943867776001,0.263054112175618,0.07214697774751176,0.9754660680922376,1.2148756172485138,0.06385870581011331
Kin2,20110513,eyes_open,6,1,1149.43,103.81694379339388,0.4738252629338991,0.19205796566015249,0.11451906135618822,0.46318043131057296,0.2603041547142558,0.06196018135513911,0.9344555045455547,1.5772955264014294,0.06080381348350898
Kin2,20110513,eyes_closed,1,1,1622.66,111.35033176166924,0.5119486959006818,0.16635102675949637,0.11998077386806265,0.4663540407359914,0.2680594864636711,0.11368224897546977,0.8895343889872028,1.9876231866070542,0.07681506660066899
Kin2,20110513,eyes_closed,2,1,1836.068,119.56893770192661,0.4844377663702112,0.18129101431757216,0.12375187240999289,0.4390754151582462,0.24702738930180146,0.08461538449162914,0.782594626479941,3.3300956257650935,0.07960939762954239
Kin2,20110513,eyes_closed,3,1,2049.476,126.16451800302704,0.5173279856166573,0.20693467461288723,0.11313458290787928,0.5185136789247933,0.2825445638005808,0.10474691692236349,0.44386664643156265,11.360064161030026,0.08866492568513527
Kin2,20110513,eyes_closed,4,1,2262.884,119.82145678699322,0.471050874307133,0.19183384662090186,0.12166893902388048,0.49592291621067774,0.22519464621664048,0.08521760550129949,0.7158007799484563,4.473585264410782,0.08137685988260276
Kin2,20110513,eyes_closed,5,1,2476.292,116.98834296301087,0.44505956970415006,0.17150892389975808,0.13640435492608882,0.4682358949724995,0.255276082380958,0.11568713336888453,0.8380088565471852,2.5435664670297657,0.08568970373094158
Kin2,20110513,eyes_closed,6,1,2689.7,117.30828961089767,0.4616941798590869,0.1871628763256491,0.1331329639899545,0.4825659938270005,0.26208890149661684,0.11112825329737303,0.4697974411807114,10.452411398735565,0.08072937041501035
Kin2,20110513,deep_anesthesia,1,2,346.85,181.16224819128226,0.8862154721098335,0.07369637410115365,0.0170916392450779,0.8821675143596767,0.706636712131711,0.3725509881268022,0.22609844137706264,19.831726678157267,0.15220713053486074
Kin2,20110513,deep_anesthesia,2,2,668.926,189.13160179822953,0.903066538724262,0.06349131526688932,0.013234099969356651,0.9057780525049268,0.7688672370921094,0.4523356689553537,0.17742584436469094,20.188433359947343,0.14669471046723878
Kin2,20110513,deep_anesthesia,3,2,991.002,202.94038809934978,0.8980187127418721,0.07237996111358325,0.016237704441897427,0.9033167816503385,0.7592096357129512,0.4497853599378022,0.38017443745572543,11.922617306591059,0.14948531408528387
Kin2,20110513,deep_anesthesia,4,2,1313.078,202.52186155485066,0.8969536734991959,0.07517304457248516,0.01700984909236053,0.907919358972666,0.763822022928775,0.46728036864573985,0.2094245661991677,19.34537534769791,0.15206454596131347
Kin2,20110513,deep_anesthesia,5,2,1635.154,204.3882158986265,0.8963645884173763,0.06852574556942631,0.01569107779973162,0.9040676931555949,0.7651276433859588,0.46857815250447965,0.17491228271640294,20.97058681564674,0.13992011024680734
Kin2,20110513,deep_anesthesia,6,2,1957.23,199.69914663556148,0.9056301699220852,0.06299254759072508,0.013728136007325108,0.9112416857604528,0.7801817944828585,0.4884151949072181,0.1672546751805674,21.83415189467275,0.1315115223007396
Kin2,20110513,recovery_eyes_closed,1,3,360.23,77.2630494673451,0.4657614271252008,0.16581258809647753,0.08229856478773138,0.4602935463020873,0.3084557940415046,0.11526626767648508,0.9827943934268714,1.1593099817349313,0.05011958408730476
Kin2,20110513,recovery_eyes_closed,2,3,691.802,79.54400314639861,0.48113316367226544,0.16241920824075912,0.08257379833852838,0.44910959862951194,0.3031617978167748,0.14329511717599286,0.9861608391406382,1.1278674857718871,0.06245372326550996
Kin2,20110513,recovery_eyes_closed,3,3,1023.374,102.72777338683788,0.6185723037305876,0.1515886743128831,0.06984075233570938,0.5791574253513943,0.424208297839399,0.28477575789461307,0.9599746619648513,1.2659339186840641,0.10819632649155674
Kin2,20110513,recovery_eyes_closed,4,3,1354.946,89.20538854725265,0.5486340648015716,0.14436160397998848,0.07988429268820524,0.49994618517853484,0.37372440096074555,0.21127700151969075,0.9747509837787768,1.225690005563705,0.06804160780101223
Kin2,20110513,recovery_eyes_closed,5,3,1686.518,94.9691583339014,0.5673094232162397,0.1300773673890094,0.072480897129979,0.5343769690963245,0.42470966481726324,0.26006348719414085,0.9752704866749875,1.1774532283951087,0.08033859887591813
Kin2,20110513,recovery_eyes_closed,6,3,2018.09,99.4562804742751,0.5889083388396639,0.12598820618901801,0.06964732997288922,0.5481062708968616,0.40669666449936637,0.25968846212652713,0.9247681303777127,1.4113689032421868,0.08407657143348826
Kin2,20110513,recovery_eyes_open,1,3,2255.99,97.60293916207179,0.5874146381812393,0.1587420096856319,0.07612433513277282,0.5604393082855113,0.3631287529312842,0.15906119178164002,0.991725730702444,1.077775473677772,0.07460039870817496
Kin2,20110513,recovery_eyes_open,2,3,2409.118,95.20191792476311,0.5442230595293673,0.16932392035644653,0.09199032810024454,0.5145693573421193,0.3154474066019697,0.0839256236138626,0.9360176315238805,1.3431071481037562,0.05834798326491514
Kin2,20110513,recovery_eyes_open,3,3,2562.246,91.53105406277125,0.5216597666416593,0.17487172391067524,0.09445861398966407,0.532779776506829,0.3176142696753973,0.06885311344124553,0.9913830960302736,1.0809660575709983,0.05652839155492135
Kin2,20110513,recovery_eyes_open,4,3,2715.374,93.44716816904423,0.5494992288719984,0.1601849912220193,0.08088173196186621,0.5462596494845431,0.3619151739026537,0.1526155466001088,0.9889476966185609,1.1016557452759883,0.06309592583060653
Kin2,20110513,recovery_eyes_open,5,3,2868.502,94.21284744735868,0.5805582446389901,0.16321832176664952,0.08248842925241753,0.5540105976481153,0.35529707353513373,0.1021059176889498,0.982654475824227,1.1563205964101542,0.05838721048388918
Kin2,20110513,recovery_eyes_open,6,3,3021.63,92.9366370218981,0.5622381371574023,0.15857864196297966,0.09023442378333857,0.5236200223402951,0.3723934070222634,0.13504283699674255,0.9849008520435825,1.1370123956277658,0.06379096987825422
Su,20110523,eyes_open,1,1,121.49,150.41810738126986,0.36830205478635586,0.22904286387073902,0.12996895142129394,0.3545505239220168,0.19376909119273023,-0.022151513612346012,0.1023379267357874,31.11122775627905,0.06043473047355235
Su,20110523,eyes_open,2,1,332.996,152.20971141263948,0.43094082132609474,0.19311972608236352,0.11800696915552802,0.3946511346289532,0.19267871149810623,0.008706624907483359,0.0891615231619119,33.333240465662634,0.05939840534356682
Su,20110523,eyes_open,3,1,544.502,138.714399662999,0.35226528098757975,0.17937846145046704,0.11365886289649271,0.3570442473021883,0.20004902956600157,-0.011072837842254714,0.10804703922142793,30.43397733850418,0.05570325228688856
Su,20110523,eyes_open,4,1,756.008,148.95725357885956,0.36088565833179753,0.2151237672450711,0.1315811261044985,0.36494240333799277,0.1909482957688223,-0.009218853718086069,0.09347687454177055,31.41739777203475,0.06343649450497944
Su,20110523,eyes_open,5,1,967.514,147.9233176976533,0.38714375099885934,0.22179547948631093,0.13483361093185842,0.3330301164589752,0.1804597853650729,-0.013384293507983095,0.1029191549990031,31.205832534142598,0.05937307574494926
Su,20110523,eyes_open,6,1,1179.02,149.89336178441374,0.3724601681886329,0.1896744558568646,0.10890564948662185,0.31393383566133004,0.1772131577323762,-0.03365320723125018,0.11584142739750876,30.10414395104082,0.06087693967923767
Su,20110523,eyes_closed,1,1,1711.38,150.97803656368666,0.31920495568348745,0.1969010670286362,0.15052946708492143,0.27728316268285513,0.11956124105672694,-0.0200088547860087,0.14368616305337026,29.05142326406565,0.06728278241969483
Su,20110523,eyes_closed,2,1,1925.008,151.31151788876417,0.3424479119967015,0.21261471453567846,0.14825731883518498,0.31767314249312223,0.12078714697536068,-0.007041094031674805,0.1418954599490051,29.428604258586105,0.06675241544143
Su,20110523,eyes_closed,3,1,2138.636,158.86145511858956,0.4119527603993457,0.1925166831401563,0.14129414062399254,0.3485304685234619,0.16022991386881807,-0.004113465051340037,0.1358323253183856,28.642820419823817,0.0702029042020086
Su,20110523,eyes_closed,4,1,2352.264,161.1840473675971,0.4615358050791523,0.22280791104551734,0.12445820249827386,0.43094301627289533,0.20113021529907943,-0.005859263936014585,0.11525972920702299,28.52310605975573,0.07482992926633017
Su,20110523,eyes_closed,5,1,2565.892,156.61539929691918,0.3028199734228985,0.17968720881609979,0.1672952356336804,0.3509383370321465,0.12541818148257583,0.001641335075351516,0.12791571700056117,29.736035321563776,0.06961007202616512
Su,20110523,eyes_closed,6,1,2779.52,145.59140703888391,0.36015084758095595,0.1948234627408278,0.1639579723223977,0.31035585472395233,0.1263101762339197,-0.009243762585178228,0.12976232497044596,29.82147181944332,0.06617981391889118
Su,20110523,deep_anesthesia,1,2,1506.58,197.3463418633023,0.7009674109094484,0.1363172219064091,0.05067155898800406,0.7097086889321542,0.46656623514756923,0.12699915562448966,0.2734659232754749,23.338979909292885,0.08058728744115361
Su,20110523,deep_anesthesia,2,2,1826.574,195.84086197138458,0.7402838602360964,0.12908112844448824,0.04405139490997107,0.7530303208702062,0.5233690012866842,0.17640541269720628,0.2987411313502311,21.39896362776096,0.08799499430407635
Su,20110523,deep_anesthesia,3,2,2146.568,193.56988184626601,0.728491113105965,0.13275339714749357,0.047160724259226836,0.7447250747116679,0.5153461550691256,0.1675705838026607,0.30557836087196905,21.742711253142076,0.08190837165524581
Su,20110523,deep_anesthesia,4,2,2466.562,206.28223290709363,0.7238676963312387,0.1472198007965562,0.043073077815514976,0.71903065426566,0.518749004300709,0.17271311579174511,0.303119504181246,22.93411076896158,0.0807425303735796
Su,20110523,deep_anesthesia,5,2,2786.556,215.94847978852275,0.7580293192984456,0.14155017751869073,0.03998972498640996,0.7629492943563543,0.5606258153534072,0.20628239333161486,0.24843823691312303,26.658759757447395,0.08077560519557477
Su,20110523,deep_anesthesia,6,2,3106.55,214.3274460313711,0.783394779336279,0.1352876756744255,0.033746788162805214,0.7801601890929059,0.5830158846130046,0.2498921012426892,0.2775060544759323,23.970533404319042,0.08624156934660993
Su,20110523,recovery_eyes_closed,1,3,288.49,116.66631469081784,0.34492386334815933,0.14952622108818625,0.1236479619693657,0.3010712215678778,0.1885524551470711,0.05246487227451649,0.1065250697693745,34.877546209991785,0.048711779222015625
Su,20110523,recovery_eyes_closed,2,3,622.992,117.34535697328737,0.388403518942586,0.13854834592338872,0.11943704805933215,0.33968264012128463,0.16561059997612942,0.08214974028217158,0.15647414893155986,29.17919133137229,0.057357570002084746
Su,20110523,recovery_eyes_closed,3,3,957.494,118.65134493780282,0.37071422434595414,0.14337438572699734,0.11495854211865414,0.32107627051119647,0.14698077362084383,0.07396396080243359,0.1213822980544844,32.71519033442675,0.05597004398148742
Su,20110523,recovery_eyes_closed,4,3,1291.996,124.70538409639198,0.344192035936747,0.1359273826469734,0.11645109121383003,0.3292717889252871,0.1684732879750886,0.07002404979448251,0.14578965215272288,30.471180692825268,0.05557353382054407
Su,20110523,recovery_eyes_closed,5,3,1626.498,121.10211315051836,0.34578058827869806,0.13513864759790417,0.11872399061760279,0.33136232517308806,0.188554350912577,0.07750913995879798,0.17857633498003747,29.076340039413132,0.06029191123176471
Su,20110523,recovery_eyes_closed,6,3,1961.0,123.3171394851972,0.3563550273044823,0.1346461470962261,0.11548246639989627,0.30912241143028896,0.1560923479122489,0.06085363136404788,0.1692477834299852,28.16550390042441,0.056640426588212944
Su,20110523,recovery_eyes_open,1,3,2183.85,118.28594119216659,0.3372161606434684,0.15176478874548016,0.09905316828075515,0.32304887159481377,0.1510486662447962,0.009000384069985663,0.10201693329267507,29.7938813448779,0.04681717061776146
Su,20110523,recovery_eyes_open,2,3,2344.8,122.50358269526598,0.338360393509606,0.13837066069221945,0.09613198293215441,0.30467314760661923,0.16771645719120987,0.016165101698140987,0.10607829427702722,30.893539316038805,0.04452338661471731
Su,20110523,recovery_eyes_open,3,3,2505.75,123.44252033219655,0.34595686511874874,0.13885536233495063,0.09603849363722558,0.2769152027115279,0.17505136560431186,0.019224006676598675,0.10399554053120427,30.052898637606898,0.0442996740305909
Su,20110523,recovery_eyes_open,4,3,2666.7,118.53052098299176,0.3310815772687967,0.1442725360742358,0.09760566204456791,0.270274407180228,0.1640813586812883,0.029953636160302492,0.10282592462376818,30.18601648333219,0.045557300130651936
Su,20110523,recovery_eyes_open,5,3,2827.65,122.40147794308936,0.34324914972132237,0.14159837547003046,0.10008659559569513,0.2847586451962245,0.1496407904039937,0.022703364007659852,0.1042858956464085,30.474852410076846,0.044964916539087366
Su,20110523,recovery_eyes_open,6,3,2988.6,118.22198209030327,0.31910314352248553,0.15327682863973208,0.0933358408787767,0.26753964267869634,0.15048389487181418,0.016300315345984667,0.10999895771175333,30.095768623563018,0.044246182010517957
Kin2,20110524,eyes_open,1,1,66.1,82.05368571124919,0.4192990049633045,0.17959349779514128,0.12493927001408349,0.4185509632314621,0.2564175264771633,0.07397580428335161,0.2177802051591946,20.48562656010077,0.07148099167286667
Kin2,20110524,eyes_open,2,1,276.298,75.34595456913853,0.4216324240493974,0.19064863465719428,0.11253317968053413,0.3987021342324195,0.21945203246432624,0.03923312531596253,0.19441517033675032,21.289285505930632,0.06519396304261164
Kin2,20110524,eyes_open,3,1,486.496,83.568673601438,0.405108735816667,0.20002924351902962,0.12061733825599022,0.41094127997977886,0.20451159215721554,0.014979114832401854,0.18964422218641466,21.010343676581332,0.06590658215985443
Kin2,20110524,eyes_open,4,1,696.6940000000001,87.66036026826325,0.4199704461420276,0.21612657574767677,0.12546150917657542,0.4215807505565654,0.20163429172073727,0.00015858884201200215,0.17682520783573547,21.86289799420698,0.06569187773156064
Kin2,20110524,eyes_open,5,1,906.892,82.11751868545386,0.41993540571542354,0.2261213194089957,0.12372951115702024,0.4296615559022864,0.21510064782881527,0.012208876408571236,0.16990341126187788,22.09315079307539,0.0649568329165828
Kin2,20110524,eyes_open,6,1,1117.09,80.84870629775577,0.4235133545801232,0.18956758894195952,0.11727161155179591,0.40993342883930917,0.20096785066583497,-0.003523673532394752,0.17166052004266047,21.566995250711287,0.06342432736137954
Kin2,20110524,eyes_closed,1,1,1557.96,87.45657899585709,0.4182117233341801,0.16208022738001593,0.1211222316971078,0.3907125590737223,0.2215989348001839,0.05042362595372174,0.20139890013077838,24.142940613497846,0.07571965385068699
Kin2,20110524,eyes_closed,2,1,1771.274,102.59577333272209,0.4917082268045198,0.1787530397474335,0.12597455124376816,0.4951868752853916,0.26371635346306,0.08292213835608016,0.226706383906979,20.08177592347699,0.09233276667416161
Kin2,20110524,eyes_closed,3,1,1984.588,98.57601683215701,0.4918095563179066,0.17479889218132558,0.12051525061197996,0.4878918957977155,0.2912171425714051,0.10025058727628047,0.2558418583876805,18.97400693808598,0.09556288050878106
Kin2,20110524,eyes_closed,4,1,2197.902,93.11782854265061,0.4431541505888936,0.17756854991902954,0.13719429626183585,0.3942775469284397,0.21745259072413226,0.05624899658723098,0.24290781796920183,20.6735985842895,0.08457682023461043
Kin2,20110524,eyes_closed,5,1,2411.2160000000003,92.9994153996997,0.43880910122172245,0.1668477906621188,0.13143912549630982,0.42514588859455904,0.2406176024567392,0.07735135657182797,0.2504417479092455,19.57700858979412,0.08827812374749111
Kin2,20110524,eyes_closed,6,1,2624.53,97.39075749995874,0.4641780523315473,0.16305276879154035,0.12562654856907324,0.4591403311380332,0.25876943804805674,0.10481696254911477,0.2611557602596157,18.530151720161914,0.09252268173468782
Kin2,20110524,deep_anesthesia,1,2,426.23,152.26550419310672,0.8674043664122864,0.08094683085418096,0.02128550643836704,0.8676864979380077,0.674776668925413,0.33007430850390546,0.17385862009038744,22.638317313266533,0.1349713608686852
Kin2,20110524,deep_anesthesia,2,2,749.574,185.492898578405,0.8931734942726388,0.07482383894964689,0.014722618228931618,0.9034353020721932,0.7536180250122553,0.44257197398704734,0.21571148724060665,18.031536177870866,0.1605493772738242
Kin2,20110524,deep_anesthesia,3,2,1072.918,184.12737282904675,0.8987581871302789,0.07405851653872483,0.015630113887604203,0.9057758779211017,0.7625270106200741,0.44443808683019903,0.22168020148595602,17.070771006010244,0.1542634879482939
Kin2,20110524,deep_anesthesia,4,2,1396.2619999999995,185.67644053641112,0.89310651729659,0.07643079896746335,0.016667734250256343,0.9036788612053469,0.7541083476763798,0.4462224724235316,0.2091828365280075,17.719938716986736,0.15325036229288758
Kin2,20110524,deep_anesthesia,5,2,1719.6059999999998,178.44984857714468,0.8952065603156804,0.07502011656775961,0.017342430492341562,0.8959941884209859,0.7422117214117716,0.44519287812370173,0.22849520768668727,17.353156303669326,0.14852345708067133
Kin2,20110524,deep_anesthesia,6,2,2042.95,177.17346838665242,0.8915440975614894,0.07555982482897744,0.017505223439039104,0.9018652867218973,0.7560348723261807,0.4658972450508384,0.19916714437095207,18.48420913455241,0.13919229445619688
Kin2,20110524,recovery_eyes_closed,1,3,483.25,78.32240949401547,0.5792085357444934,0.1660423538480646,0.0654453884629084,0.5873586214817543,0.38689501104420165,0.14824879025100768,0.1951578781002321,26.06016581957233,0.08602060691085779
Kin2,20110524,recovery_eyes_closed,2,3,815.1899999999999,68.21197446319039,0.5226440706743198,0.15400095053711604,0.08139431634500417,0.5271769034886953,0.3494446818653304,0.1724438844081983,0.1692401356697504,27.927839845738767,0.0698385623426082
Kin2,20110524,recovery_eyes_closed,3,3,1147.13,75.0951388029006,0.5040480574479052,0.16070734430949662,0.0909730476639459,0.48388065141075315,0.3048819031244444,0.1551005280604208,0.21224400965693913,23.68456020014843,0.08243647934133558
Kin2,20110524,recovery_eyes_closed,4,3,1479.0699999999997,79.83033557952004,0.5683527025939578,0.1259544624908106,0.08116210812892319,0.5415971264809725,0.39629717506504253,0.23835133164943992,0.16688917070767098,25.84939177964961,0.07917070463200188
Kin2,20110524,recovery_eyes_closed,5,3,1811.01,74.7513014530972,0.5497203941189854,0.12043624060977148,0.07748752717370894,0.535028007664988,0.40925339678583805,0.2544593304828865,0.1672139187788864,26.379788888179753,0.07211642229570006
Kin2,20110524,recovery_eyes_closed,6,3,2142.95,76.50944899071004,0.5866217961694962,0.11673300454845957,0.07284529975934276,0.5328449036981874,0.4276293166032626,0.2718768964333155,0.18421283017691378,25.330272380731337,0.07634855884580488
Kin2,20110524,recovery_eyes_open,1,3,2346.82,80.73126651291554,0.5351295430828001,0.1603007207675442,0.09443200286532522,0.5117599720679169,0.30571424506929723,0.11444875749004577,0.16883548536595117,25.01317363223087,0.05915860289409659
Kin2,20110524,recovery_eyes_open,2,3,2499.76,84.13117328884164,0.5584485603594227,0.17684069812210756,0.08169101189343769,0.5438229190577357,0.3297737823844791,0.08596153802299991,0.19143465329859788,24.334476299627774,0.06618363184900197
Kin2,20110524,recovery_eyes_open,3,3,2652.7000000000003,97.45701994922618,0.5460191613161911,0.1834869758561568,0.08584746248371439,0.5761228549480333,0.31640352680546424,0.04910243381562742,0.1586722677537735,25.602106720517973,0.06570625536810802
Kin2,20110524,recovery_eyes_open,4,3,2805.6400000000003,89.57059729069336,0.508783606761361,0.18869077333664702,0.08817220532370879,0.564953329260652,0.30897087781619226,0.08311685924800602,0.17128289429631854,24.646709483624587,0.06332745713524109
Kin2,20110524,recovery_eyes_open,5,3,2958.58,92.72119745175621,0.5191393150233247,0.1839018067630775,0.08546435884119949,0.5160272392702228,0.2997504179863464,0.06655560100420288,0.16440059447148347,24.599871540076855,0.06852837305947579
Kin2,20110524,recovery_eyes_open,6,3,3111.52,87.12276093224071,0.5031275374754824,0.18370710182654573,0.09402392440618444,0.5032181496877073,0.2795769127742854,0.05550735302657769,0.20002982544184436,23.36713691976154,0.06423161997703128
Kin2,20110525,eyes_open,1,1,64.9,79.38190012448936,0.47567864845297037,0.18091373519419512,0.10932786801000238,0.4207702437877998,0.22969537251567174,0.03698125548315069,0.1514189208176664,23.777608757005545,0.06944129785347847
Kin2,20110525,eyes_open,2,1,276.66,75.3181443142999,0.4279866998634886,0.18363250429752281,0.11633610623214624,0.4023118131867055,0.21568994355669874,0.04400361131588449,0.1641794606537669,22.8662756511517,0.06951776584145779
Kin2,20110525,eyes_open,3,1,488.42,74.75273125469576,0.4620310195930986,0.18497167353514476,0.11532601509273024,0.4274102088986932,0.23360488042092498,0.034466303695421405,0.20360341306139426,20.39491788772369,0.06669759087606567
Kin2,20110525,eyes_open,4,1,700.18,75.08749710583447,0.4481277430920295,0.19556987574975768,0.11395288397726333,0.44583313752968934,0.22101133545892152,0.027978102014035916,0.15412736225552695,22.396148525845256,0.0671454613859689
Kin2,20110525,eyes_open,5,1,911.94,83.31188384687906,0.3816170302422936,0.21309774928623532,0.12683088809387905,0.41238878680583113,0.20601173879675802,0.0029713817940732338,0.1570405427684613,22.449711078385622,0.07017767831886931
Kin2,20110525,eyes_open,6,1,1123.7,73.67411740861178,0.42456502811388286,0.18745936807867009,0.11634374526490288,0.40973394381274864,0.23381174302062654,0.03065827219852651,0.17859205916643195,22.3111679978152,0.0699272831139388
Kin2,20110525,eyes_closed,1,2,53.760000000000005,86.63090357478976,0.510616095722345,0.1415747640591995,0.12318177948508849,0.42078281080609115,0.2631187652757174,0.12098463317897756,0.2375283974459239,21.35550859996228,0.08205184293883114
Kin2,20110525,eyes_closed,2,2,269.002,89.34290114188286,0.42693162941024565,0.15391368298745597,0.12512342858161657,0.417132864093778,0.20804023411149808,0.09325318975386437,0.23146594135749546,21.972142424209213,0.0807126229433242
Kin2,20110525,eyes_closed,3,2,484.244,97.56294931604,0.43374180256421213,0.17557113660606477,0.13221170983547426,0.46095724052704967,0.21101128459152751,0.10506451627241509,0.21244089351616136,21.977783427566994,0.09394414592756908
Kin2,20110525,eyes_closed,4,2,699.4860000000001,100.61971539227753,0.46670835968984387,0.1903030668413926,0.1294488649438197,0.48287568467267755,0.27422221526933177,0.11013348256914654,0.20915388452904318,21.506315169519013,0.0981223438174088
Kin2,20110525,eyes_closed,5,2,914.728,83.74334248966724,0.44682430999251543,0.17055131938598614,0.1335832600845771,0.354304604412937,0.16994188412614936,0.054583693266573294,0.2219018579393822,22.459996804786257,0.08322371957526652
Kin2,20110525,eyes_closed,6,2,1129.97,90.20472735408518,0.44263752167732995,0.1672601531686181,0.1353708851294056,0.4324567127504928,0.21714236003285042,0.09939424619392531,0.18929295490118542,23.2309634434375,0.08082544854321869
Kin2,20110525,deep_anesthesia,1,3,645.62,118.51453424460166,0.8644210670086772,0.08093220106096362,0.0221524766117822,0.8549860100131474,0.6836675109720063,0.33282208809636543,0.16629295551168616,21.42568465274223,0.14293361077642747
Kin2,20110525,deep_anesthesia,2,3,967.816,153.8876973848752,0.8713101541066042,0.0801989196560828,0.019197086626881278,0.8738053129447434,0.7253484902467203,0.4011219849500449,0.15667139413208026,22.98803118974541,0.13348156187001753
Kin2,20110525,deep_anesthesia,3,3,1290.0120000000002,166.75391869771778,0.8807692897136177,0.07488474345976667,0.01822250992257511,0.8909054777945024,0.744464578050736,0.46819960809911865,0.21794486316855818,18.177760787944415,0.14679181492344137
Kin2,20110525,deep_anesthesia,4,3,1612.208,177.15528270685246,0.883148770510494,0.0693620339288861,0.01843769110477593,0.8896383154484455,0.7492937354111375,0.4884540004468969,0.22465338779845884,18.187976482812836,0.14159473766437267
Kin2,20110525,deep_anesthesia,5,3,1934.404,184.47577638122578,0.8847604824317388,0.0738816409150605,0.01740813376296333,0.8946783049967869,0.7501166614703496,0.46373608458147125,0.22594429617691408,18.165304614719073,0.14067004901194152
Kin2,20110525,deep_anesthesia,6,3,2256.6,181.26553639230622,0.89745431936918,0.0647191389968633,0.015672560620586806,0.8983964806225984,0.7632926830830474,0.4939700384983535,0.20397717442123078,19.772809960316184,0.13791213371940833
Kin2,20110525,recovery_eyes_closed,1,4,294.83,75.7123166709504,0.6138023332223563,0.13923413303523546,0.06502456794301228,0.6138487211664092,0.45879524555888435,0.22802692611354777,0.1386303207013104,30.413862925800185,0.08194071894838986
Kin2,20110525,recovery_eyes_closed,2,4,628.706,66.65299311417817,0.4354595858641693,0.1659000156873387,0.09219867515620583,0.4362989568282539,0.28769287017127304,0.15756716374370366,0.7230022126950978,4.763486114112957,0.05522383930640829
Kin2,20110525,recovery_eyes_closed,3,4,962.582,66.78187169199212,0.39788240799550445,0.1905867469018503,0.09501096522928923,0.38074621290061694,0.199842459186935,0.07936659760474182,0.14685422979226648,30.10219300027603,0.06505082784640105
Kin2,20110525,recovery_eyes_closed,4,4,1296.458,62.770435158741584,0.4912323838784075,0.12814391068611208,0.08456072103249257,0.42708777959226435,0.3225703755748315,0.17648832813003573,0.4200418588196282,14.81191865948316,0.059985963474650676
Kin2,20110525,recovery_eyes_closed,5,4,1630.334,63.18961582941343,0.4634787118904592,0.11900848445247203,0.09389055201205405,0.42335792935304917,0.32407726627547284,0.2070596751690486,0.426463051767846,14.034352778940471,0.0628877752224429
Kin2,20110525,recovery_eyes_closed,6,4,1964.21,64.3574308971535,0.5186287632428417,0.11445276379899305,0.08275525779891146,0.434211420972822,0.37468101284904815,0.20252827969188564,0.14138560670905337,31.179761984165758,0.06046269885871456
Kin2,20110525,recovery_eyes_open,1,4,2208.58,83.25850906390522,0.5293159662808999,0.17105375587603489,0.08929578061731766,0.5556554252217438,0.3079653999059697,0.09960918353654163,0.883587483038911,2.1126316962506824,0.06363114455650108
Kin2,20110525,recovery_eyes_open,2,4,2355.354,78.93205812653358,0.4982408410783613,0.17991042598248114,0.09503081138776347,0.5001055892343451,0.2933630983306882,0.07411920868889518,0.7726401767674338,3.586966163292363,0.06276738284761968
Kin2,20110525,recovery_eyes_open,3,4,2502.128,80.38655126760553,0.5074341288437128,0.18594856550228694,0.09319277712774654,0.5170542702106826,0.31109824520066975,0.053782930868132975,0.14994895507456096,26.765688797063056,0.0664939215798473
Kin2,20110525,recovery_eyes_open,4,4,2648.902,76.43351333241586,0.5224898775243554,0.19134951758538363,0.08905891391818717,0.5306671491955945,0.2977574054990219,0.07535750860638638,0.15110796049205608,27.093247464530755,0.0645801112577939
Kin2,20110525,recovery_eyes_open,5,4,2795.676,76.56816631477162,0.4772735230351543,0.20027846522371362,0.09635840024406973,0.48611114256371807,0.25279365775894397,0.046183813354762224,0.8596275248317822,2.366668363522137,0.0606243186627621
Kin2,20110525,recovery_eyes_open,6,4,2942.45,85.22743024266232,0.5300420130354028,0.20651412701351035,0.08894149351770443,0.5235769136722211,0.28243280538816257,0.016556382432114887,0.14233485561363154,26.274651850329214,0.06697289264279589
Su,20110526,eyes_open,1,1,44.88,131.7744066874958,0.4083508753205505,0.16286532723619898,0.10790088795992356,0.31905203840155083,0.23345363096957225,0.04855066541123916,0.11680119609817446,29.469020862249792,0.05561248541821329
Su,20110526,eyes_open,2,1,257.11999999999995,121.17184848092401,0.40252366543472823,0.15785690026140242,0.0993834275750399,0.31534132725764286,0.2122138336663079,0.03041866185618696,0.12907411610167185,28.353138628898037,0.05320760213375082
Su,20110526,eyes_open,3,1,469.3599999999999,148.22411167228836,0.346878720465985,0.20705405887163916,0.13776055015700095,0.2832981623365788,0.14987629725112228,-0.029933749628837852,0.7253392833572937,4.6011363116640025,0.06075419588124954
Su,20110526,eyes_open,4,1,681.5999999999998,140.7345307800748,0.33841962739507203,0.2041935958725366,0.1190979876279054,0.3214050379307452,0.18227323017490954,-0.0036307370028538545,0.8716359719231074,2.2775565088061906,0.05711221138981879
Su,20110526,eyes_open,5,1,893.8399999999998,138.97936923863182,0.33276389855616406,0.21028390232637223,0.13964746651328264,0.31690308057960737,0.1763999121588763,0.00614582418849591,0.8191096159742306,3.0132969399549645,0.05662940764697436
Su,20110526,eyes_open,6,1,1106.08,136.07639019119722,0.3531767741665127,0.2010876414542662,0.12990219920817128,0.29070216098831375,0.17428893872100631,0.0007171698552037682,0.8740280046330677,2.245259481231524,0.05443571905615372
Su,20110526,eyes_closed,1,1,1500.2,144.49574139350057,0.30343327357918537,0.19426677720715924,0.15698668820840098,0.2593226361596445,0.11909132185740734,-0.019930558110562976,0.13759355164206727,28.657146335451642,0.06789671964710464
Su,20110526,eyes_closed,2,1,1714.944,146.64608801797505,0.32247481955332535,0.18512166222419985,0.15590544522468303,0.314687445219315,0.1435975598864272,-0.009594892848024141,0.12819003517540503,29.659319127469857,0.070194979084102
Su,20110526,eyes_closed,3,1,1929.688,147.0071968908984,0.368554337591152,0.20652217013344742,0.15148590188973698,0.31179483190430834,0.13444817991283214,-0.005570342405446394,0.13162832254723397,28.632966161465095,0.07086756052361656
Su,20110526,eyes_closed,4,1,2144.432,136.79087031314504,0.26998016795799173,0.17668885767011752,0.17066476835090488,0.22431177821087084,0.11821853850930857,0.004362527227301774,0.13169131847015478,30.75404499076085,0.06530962783947687
Su,20110526,eyes_closed,5,1,2359.176,143.38559708955535,0.3970349994766317,0.22637791332000384,0.1530607826823302,0.4086198312195054,0.1927244507589691,0.0023690083148692285,0.11318942150166961,29.49783079698896,0.0740524897126282
Su,20110526,eyes_closed,6,1,2573.92,144.4705226872466,0.2752114288425977,0.18725286023806947,0.18338065164879092,0.26875552914462914,0.09259635756477644,0.0009690885829196203,0.15911665852866724,28.805398995252173,0.06993151059364769
Su,20110526,deep_anesthesia,1,2,1181.39,190.68128545775144,0.7020185074959588,0.13777705946953356,0.05240033077790644,0.7153591843238605,0.49161283063276895,0.1465637919148919,0.2616900524033962,23.141815629702197,0.08559425401924523
Su,20110526,deep_anesthesia,2,2,1500.708,195.78519702367112,0.7004799051352639,0.12458456225262618,0.05164386444224166,0.7133551507149154,0.4791737969514593,0.13656514424824548,0.322664231093061,20.332610668692237,0.08259082322207432
Su,20110526,deep_anesthesia,3,2,1820.026,188.8381302253356,0.7064858109772691,0.13770058329338936,0.046498820886552356,0.7206221313542789,0.48694536023596163,0.1455131453532488,0.34056278927984746,19.25572328146429,0.08748916907204184
Su,20110526,deep_anesthesia,4,2,2139.344,186.98385864299377,0.7239532934762589,0.13089944269535947,0.05023086938417107,0.7434596319203677,0.5192721554065237,0.1934548921877023,0.3161081864090051,20.382882744223796,0.09142486792465618
Su,20110526,deep_anesthesia,5,2,2458.6620000000003,174.59416989246634,0.7316543828374049,0.12928678978581265,0.04734946320403796,0.7362013175293143,0.5087711851133655,0.16860954120668847,0.325504329386341,20.093861553399368,0.08666731250276079
Su,20110526,deep_anesthesia,6,2,2777.98,186.8520031216015,0.705487490702821,0.14046384426393707,0.052106599431940216,0.7165191758308809,0.4930886007977684,0.18366828302270452,0.3108114922789928,21.8121253247668,0.0823865250594871
Su,20110526,recovery_eyes_closed,1,3,536.0699999999999,125.12185276938753,0.3513801794206013,0.1453822737635427,0.1064152750597494,0.3026530666306582,0.1567855252563547,0.06811393174765576,0.08572304839405352,37.529146932383505,0.0498247885782902
Su,20110526,recovery_eyes_closed,2,3,866.228,118.76211760122357,0.35552719666229043,0.14461125226923133,0.12064559706214312,0.3055892473690497,0.14460480116437313,0.07658346489854194,0.14698137166640446,31.690279436109705,0.057898614042425106
Su,20110526,recovery_eyes_closed,3,3,1196.386,121.26005151542935,0.3346798093156249,0.13513256460788964,0.1319525518927695,0.30119767794982616,0.13335479962856275,0.07369958830420974,0.11345552099258556,33.527614729182105,0.05518586352804835
Su,20110526,recovery_eyes_closed,4,3,1526.544,122.74058647844302,0.3421709363867713,0.12402001439927209,0.11850145237094928,0.29971868146879665,0.15270929599832234,0.07626299663654343,0.12367228189446439,31.561979412632788,0.056115965638960805
Su,20110526,recovery_eyes_closed,5,3,1856.702,118.5923425358948,0.3618056052867429,0.12816582504977964,0.12436591572733574,0.29741113415335096,0.18540236911775093,0.07609634552488467,0.13945566113628607,29.89205715503492,0.05803325279863595
Su,20110526,recovery_eyes_closed,6,3,2186.86,118.02331005610701,0.31067458577039714,0.14449099729361037,0.12136792968924895,0.2737681766772271,0.14974783238298633,0.05885985999404088,0.14925752095506858,30.686570842036602,0.0574197785444526
Su,20110526,recovery_eyes_open,1,3,2451.49,117.70061142851128,0.3462760055860867,0.13404036534978175,0.09485850271733837,0.27816540379661203,0.1407287079968676,0.009186143700833206,0.11249401726995796,31.069659879041723,0.0481270091267078
Su,20110526,recovery_eyes_open,2,3,2601.868,118.85404879822411,0.3018159621295389,0.13190351220932084,0.09555237143131626,0.2546397946819223,0.13823099444925213,0.023238343891834615,0.10098900916271822,31.640142526642787,0.04771739282882894
Su,20110526,recovery_eyes_open,3,3,2752.246,115.61241281919249,0.34743534551432165,0.14847434118342184,0.09085906274138356,0.2768024863951634,0.15399847568185523,0.024370147150823637,0.11372892286548782,30.608706431058394,0.05077622790623883
Su,20110526,recovery_eyes_open,4,3,2902.624,116.67016273529023,0.3290326398959075,0.13886711892884532,0.09228185332005658,0.2810040335343681,0.15363916073676231,0.014576791672175595,0.11583417953492213,30.617158026556133,0.04716507001121065
Su,20110526,recovery_eyes_open,5,3,3053.002,115.9487747456222,0.3177707423329253,0.1386307712418107,0.09067369348315396,0.2838564366493841,0.16328876970054884,0.013803957095252626,0.10812178500344011,30.294983081680055,0.047352228194004774
Su,20110526,recovery_eyes_open,6,3,3203.38,116.09350906588307,0.35099662776922247,0.1345406233018872,0.09368043748101544,0.26473113980789376,0.1741968249966879,0.0377055483628094,0.11577750972275803,30.456712926089313,0.0483562436503746
Su,20110527,eyes_open,1,1,47.05,139.20122705289418,0.3852647552480727,0.22917674948224362,0.1245523409509542,0.34543990755657483,0.20947136713894893,0.0004254361492104291,0.10842372917498024,31.488236653084876,0.05883297172915172
Su,20110527,eyes_open,2,1,271.61600000000004,126.55062519822931,0.38044312787395873,0.15532851499526942,0.10525532896309366,0.3079938218365657,0.22655298344565916,0.030570282792912365,0.12270434764396872,28.19961808098378,0.05300480405832059
Su,20110527,eyes_open,3,1,496.1820000000001,114.54409101290904,0.42095515628298225,0.13557405634825853,0.09867341408026933,0.321193506934239,0.2727483545848384,0.06570097753369664,0.1276970697482294,27.30759243811141,0.05425103018827564
Su,20110527,eyes_open,4,1,720.748,128.91685769676374,0.3748762265348434,0.16266195661483973,0.10396510835582042,0.34647879509230817,0.26126365548101727,0.05459441417962979,0.5081483541009965,10.938274521267784,0.05076781250405997
Su,20110527,eyes_open,5,1,945.314,157.30777969701143,0.38786595480797814,0.22744420723254374,0.13384980000280816,0.34025958413546165,0.15936268190956887,-0.04059487602881357,0.0910008372985242,31.935804217664188,0.0665631923390668
Su,20110527,eyes_open,6,1,1169.88,141.83991362157457,0.3530722307180517,0.21697895136500228,0.13214404716732753,0.35603721787858045,0.19022299276830051,-0.027824922853724503,0.0918263592135629,31.006685644284147,0.059042033015274775
Su,20110527,eyes_closed,1,1,1631.33,158.70933524834402,0.3400483097894811,0.22167997872732875,0.1405985519721697,0.33255986385316216,0.1478934064846849,-0.022541157686021725,0.14113315555163283,28.167442155217103,0.07020076909514314
Su,20110527,eyes_closed,2,1,1867.554,158.859930522555,0.422954218002008,0.20317497517289818,0.14162611814081333,0.3510050416497771,0.161629854623504,-0.0095363707140192,0.14662692247825246,28.045519107817125,0.07272854715274024
Su,20110527,eyes_closed,3,1,2103.778,161.8470012648378,0.3442052616433693,0.1933385561716012,0.17320995493506153,0.35534164942659696,0.13605108821672784,0.009359005955071416,0.13747322212864577,29.867812145592072,0.07016477565475338
Su,20110527,eyes_closed,4,1,2340.002,157.66577125285002,0.3830141181616048,0.20739542742537453,0.15630831443105092,0.3625904758885936,0.16084504163631738,-0.005534499491656544,0.1221839960624208,29.254874450204763,0.07073846502268917
Su,20110527,eyes_closed,5,1,2576.226,159.05333501810264,0.3632016191305802,0.21465183704827961,0.16905660808897086,0.30717211101542313,0.1116634061432332,-0.0014160163755754759,0.16056267897616908,26.79602144713802,0.07845852280733225
Su,20110527,eyes_closed,6,1,2812.45,155.36340492946567,0.3588992554077305,0.2216441146969958,0.16411871232887743,0.273454792893994,0.11120671841525646,0.007598271045676753,0.18540146760083726,26.198614107507375,0.07695707953036773
Su,20110527,deep_anesthesia,1,2,985.06,196.63093959660665,0.7511445454175447,0.11831876951461016,0.040379977661180066,0.7200549235141793,0.5304282721624998,0.16558351279040892,0.25738081326456647,23.970369879624766,0.08873156860512181
Su,20110527,deep_anesthesia,2,2,1332.528,189.2866033265533,0.7234171937054477,0.12470354442784981,0.04716748378369593,0.7286908417476554,0.5147879192984449,0.16179878343827714,0.3622667888976422,17.663124470788926,0.09140111495439829
Su,20110527,deep_anesthesia,3,2,1679.996,182.6300132529398,0.7647626695555815,0.12775400274599613,0.04068402827693679,0.7437454897048041,0.5410410170708619,0.18727805055030705,0.40107009675195293,15.828462224689563,0.09521043756447234
Su,20110527,deep_anesthesia,4,2,2027.464,198.40674380108553,0.7170638082509238,0.1381857695534025,0.04806225299121106,0.7168765657385663,0.4919278007894081,0.18162327760584784,0.3253413938118023,20.932495034410913,0.08270473921679726
Su,20110527,deep_anesthesia,5,2,2374.932,175.94455192479796,0.6966079011483219,0.13572324347345924,0.05547669287380049,0.7112354749916462,0.4861272425805726,0.1784004397500792,0.37839505440734744,17.715649292482244,0.08616474119198862
Su,20110527,deep_anesthesia,6,2,2722.4,172.3934541513715,0.6897647822483708,0.13450228791252228,0.055227008019180984,0.7036500932005016,0.46872782097141763,0.18342735520963527,0.3627106041777205,19.038680823117225,0.0824495327020852
Su,20110527,recovery_eyes_closed,1,3,289.39,123.26856149217915,0.2999057555758774,0.14059255497787443,0.14079114602007528,0.2809664154970323,0.13780521497209525,0.04587616765473598,0.1018395099864302,36.84229058201182,0.05021241108175444
Su,20110527,recovery_eyes_closed,2,3,621.7239999999999,124.92794481275556,0.29385168194766514,0.1474016143544209,0.14249826709953078,0.29265688112127447,0.09163903582045882,0.06983356727344713,0.08855631185516231,36.11244134861695,0.048292931811570176
Su,20110527,recovery_eyes_closed,3,3,954.058,128.60033506735329,0.3413103758797835,0.1376883581714639,0.13060575557454535,0.30243818373861947,0.13770042610889144,0.08063951668877403,0.1315620069887989,32.91406168176816,0.05610233352757542
Su,20110527,recovery_eyes_closed,4,3,1286.3919999999998,121.7069613785597,0.34790313082290425,0.13231127956959204,0.11760844073523852,0.28918541354250715,0.1539617238234618,0.06968746035952976,0.11615242067742844,33.29023269774302,0.052414944239213286
Su,20110527,recovery_eyes_closed,5,3,1618.726,122.41981783539259,0.33504982106396297,0.12553013516329364,0.13143356359175629,0.2636475132539676,0.1445030630670799,0.0660385936000665,0.1547228880669957,30.719032523202138,0.05649066077420814
Su,20110527,recovery_eyes_closed,6,3,1951.06,125.19826793237837,0.30585828502082835,0.13837535146961671,0.13051394229245372,0.26075458048059497,0.14626223284799533,0.05257052707064008,0.15754031144067496,29.092913209129826,0.05870674169327697
Su,20110527,recovery_eyes_open,1,3,2178.18,117.01769811389278,0.3662151366918617,0.1506478701730215,0.09482587026367902,0.28612961395607495,0.1710482394592853,0.006655461772436578,0.106601537901697,30.78606106494964,0.04455824956385449
Su,20110527,recovery_eyes_open,2,3,2331.362,118.57604690982203,0.3814632298735259,0.14959928251739185,0.10017800042376945,0.28243805405357225,0.16286955395495,0.013080403469662036,0.1001295735604015,30.013235866246312,0.045919579028477354
Su,20110527,recovery_eyes_open,3,3,2484.544,116.34503808642847,0.38556945605085075,0.14377936913946962,0.09832003365890213,0.3145233577776688,0.18159783182067707,0.02800198897226437,0.1126171292518266,29.883032477459427,0.046961775496926046
Su,20110527,recovery_eyes_open,4,3,2637.726,117.11625609412178,0.3775492993424589,0.14190582890946324,0.09286638862802712,0.27962170698076716,0.15183756200729376,0.025986017577679175,0.1024545993457814,30.26955958302585,0.04544161382747694
Su,20110527,recovery_eyes_open,5,3,2790.9080000000004,115.48411138924277,0.3298038397953522,0.13899201659051047,0.09049909058113725,0.28562316027803536,0.19086133024014407,0.025631288279558843,0.10369477709444594,29.17053081544972,0.045374860280978715
Su,20110527,recovery_eyes_open,6,3,2944.09,114.4647690242798,0.3573821070412929,0.1389356930998526,0.09558614133450537,0.2692653195959688,0.18515057109999492,0.03830103968803465,0.09806683784353575,31.1075941083183,0.044515204142337624
Chibi,20110621,eyes_open,1,1,70.91,170.2286441411626,0.37203019341425037,0.16619785446026622,0.11891776618254606,0.30266097370713263,0.2326401484070112,0.06425386419055443,0.1913431579074538,26.31289124965104,0.047641050423195226
Chibi,20110621,eyes_open,2,1,283.73,175.9706068981505,0.4147178651352096,0.15687170122382757,0.1243061130035352,0.31135596486081163,0.2472268633757789,0.05754088602247106,0.18174960508763335,27.438843718509048,0.04736494364572054
Chibi,20110621,eyes_open,3,1,496.55,172.98539619689092,0.4143233169492786,0.16873858992067825,0.12811679982088117,0.3366441722973963,0.23144115848861377,0.05094527455952263,0.18183924377524754,26.019953148069636,0.04823698728608654
Chibi,20110621,eyes_open,4,1,709.37,197.6248365388817,0.4723096148923096,0.16703425834965774,0.10985505464863589,0.42452081586183044,0.2942123023112145,0.09151476445148433,0.18669164882127795,28.500041156288884,0.058690583095569133
Chibi,20110621,eyes_open,5,1,922.19,179.0012557771862,0.4003201732726135,0.17746136479535338,0.119446548026509,0.34937706737218815,0.24813357008591158,0.047643527314263266,0.19154905928960156,27.47913268831929,0.05034121162188517
Chibi,20110621,eyes_open,6,1,1135.01,185.92174771394323,0.4271348109357063,0.14594861427473527,0.10757124903069824,0.31718118936877854,0.27396384220050257,0.08314776065928069,0.16032757172680145,30.538034444928357,0.04984983076782674
Chibi,20110621,eyes_closed,1,1,1469.47,179.11285652608223,0.32180568513378666,0.1685902258776178,0.16201467931022584,0.22241371618960915,0.12728908869631866,0.013255718927918807,0.12142217614327475,33.525912565727154,0.04703329583596408
Chibi,20110621,eyes_closed,2,1,1680.696,184.3493086827589,0.32966848926206577,0.17912891112739573,0.16781535158021327,0.2714968619183309,0.15091085378211327,0.02859968641028756,0.16468734665375187,29.882896169012177,0.04844510266418566
Chibi,20110621,eyes_closed,3,1,1891.922,176.260696714826,0.38017041470631663,0.15829879924084597,0.14436428828871903,0.24768384797559065,0.18173590740587003,0.052525485211922136,0.15539311897415237,31.53264429710521,0.047227118898638995
Chibi,20110621,eyes_closed,4,1,2103.148,184.90622206789192,0.41712890148232273,0.17817732241808737,0.13890149757444462,0.3101076370959756,0.18485356298224206,0.03268248529656364,0.1482001794311089,31.366940053025417,0.050259602128711174
Chibi,20110621,eyes_closed,5,1,2314.374,186.6223453342572,0.4254784379493475,0.17658579606231095,0.14362724252582793,0.29598557052118535,0.19201880694710596,0.055051541131382865,0.14709373424495784,31.479691949323527,0.04839681733842191
Chibi,20110621,eyes_closed,6,1,2525.6,191.1109682268286,0.40475996196453107,0.18520807525753094,0.14023684618568522,0.3175855195623028,0.20798257606766257,0.06287075521099185,0.16812038281641645,30.60039059153412,0.04984389073538948
Chibi,20110621,deep_anesthesia,1,2,719.73,534.3490418811599,0.8851772755732842,0.08150031765904052,0.016315661282673147,0.8822799096632246,0.6917523066744143,0.3000465745109294,0.22796170668496457,22.46441661409216,0.11723101380135673
Chibi,20110621,deep_anesthesia,2,2,1040.49,603.3577609392906,0.944927994818464,0.04039009424080169,0.007639698672994872,0.9333698981210347,0.8214887208789556,0.5221723307014926,0.1729799440350605,22.37270228248622,0.10448060585587385
Chibi,20110621,deep_anesthesia,3,2,1361.25,681.551899593093,0.93151704913141,0.0488274189477941,0.007095166270637935,0.9363620648183246,0.8130886720560682,0.5185712776058021,0.21267876625599005,21.51885633005383,0.13480888280092038
Chibi,20110621,deep_anesthesia,4,2,1682.0100000000002,665.9170973634714,0.9276336720340022,0.05560288906440174,0.00813858080631989,0.9324702175882345,0.8040234202815332,0.5014947738252281,0.2059316681775615,21.725247092680952,0.13234801174328126
Chibi,20110621,deep_anesthesia,5,2,2002.77,662.0946180821204,0.9404824556211866,0.04495943832908892,0.008186840045439512,0.9352895338761283,0.8130503785709954,0.5084467107612531,0.20693301632191433,22.02117616418304,0.13535973550724806
Chibi,20110621,deep_anesthesia,6,2,2323.53,669.3920094361945,0.9343603946266866,0.05135256300909601,0.007875134937238277,0.9369728926110877,0.8109826298553713,0.5174531716012702,0.21586299159874833,21.049688943186947,0.1387304705923634
Chibi,20110622,eyes_open,1,1,49.89,172.19996776354895,0.389719797997311,0.1533133376022611,0.12712338472117454,0.3110367918411694,0.22730813369852984,0.06307608523087728,0.16061176846645928,28.984401015045577,0.0449222409603938
Chibi,20110622,eyes_open,2,1,262.76399999999995,176.89763000484277,0.4229359577395044,0.16833683929059354,0.12580680620205947,0.3508596381529549,0.24344195602161467,0.053208795810474156,0.17961925806569806,28.64176176962769,0.04845915643319812
Chibi,20110622,eyes_open,3,1,475.6379999999999,200.9897123385454,0.38403690053353423,0.16045195790722908,0.120617279102998,0.37382922444548866,0.23765197511657005,0.036336079135049396,0.1390295142630929,34.62183197085961,0.05055932402359461
Chibi,20110622,eyes_open,4,1,688.5119999999998,186.17998747613964,0.37767375358262123,0.16793893903719495,0.13055197746363287,0.33526291328897384,0.21359625289936437,0.06078707590532107,0.16312483548455822,29.81220422798592,0.0481145754436418
Chibi,20110622,eyes_open,5,1,901.386,204.437935001058,0.4483439244941349,0.15475206612397757,0.12465153556235933,0.4250604161603751,0.2655239981469789,0.0600220099098723,0.1498554707610187,30.351152236212574,0.063875559151363
Chibi,20110622,eyes_open,6,1,1114.26,189.56581110889758,0.42168601775420755,0.16621110083698423,0.1249454182499531,0.3757378057149333,0.24491922666613017,0.05168161320883417,0.16506221943678911,30.31810400308223,0.05351376840611515
Chibi,20110622,eyes_closed,1,1,1508.51,179.191994933762,0.3260664007862155,0.17276466799765774,0.1795200850854666,0.26944622130060625,0.10794633168700773,0.03694589622156546,0.11806728610009815,35.718304165117274,0.044797510680414473
Chibi,20110622,eyes_closed,2,1,1721.952,181.2416128366624,0.3113389869586549,0.1680016696858186,0.18554416933585577,0.2756181706928155,0.1439516747561242,0.05346142075780677,0.13886758453139017,32.98342947769822,0.04723614191936726
Chibi,20110622,eyes_closed,3,1,1935.394,232.379539535038,0.46113681943230567,0.1926216354065101,0.13836017112924617,0.4418916080877237,0.2095786447420045,0.043862115406256286,0.1114226937312292,36.20903526962534,0.06515557218566674
Chibi,20110622,eyes_closed,4,1,2148.836,191.12420438874307,0.3385231983631106,0.1797491746817653,0.18085059349957863,0.28303470880695986,0.1446161593394873,0.05844901956154225,0.13563548069061343,34.129539748066044,0.048631222901781554
Chibi,20110622,eyes_closed,5,1,2362.278,222.1433433047183,0.4536758084688115,0.1913954771413581,0.13625930180854198,0.40129920596515295,0.1959414025577565,0.06377711879288908,0.12997281579121808,34.540669449742225,0.05764789045615503
Chibi,20110622,eyes_closed,6,1,2575.72,203.36023430143993,0.4099899069275748,0.19923036575268957,0.1570107774980757,0.3605108437350499,0.17362100906056865,0.046855520422398024,0.1191457609787544,35.11562220145478,0.05235470807700906
Chibi,20110622,deep_anesthesia,1,2,759.73,504.9808589225553,0.8793803350225853,0.07593838631819186,0.01932475511740963,0.8662625665748427,0.6797212740768811,0.2852664414239875,0.2307034455630266,22.46150056797195,0.11592399987730753
Chibi,20110622,deep_anesthesia,2,2,1079.544,620.2261426145311,0.90460129106262,0.06109218297291714,0.0115661114421553,0.9181905731713865,0.7643802642939432,0.4112005300539708,0.25716012417443446,20.63203187986168,0.1282332479193602
Chibi,20110622,deep_anesthesia,3,2,1399.3580000000002,683.4202693420098,0.928624657988173,0.05328003795090443,0.009262651886471768,0.9321973244011008,0.803869902342015,0.5001060412284447,0.22941020523782293,20.415415435914582,0.13845995907699543
Chibi,20110622,deep_anesthesia,4,2,1719.172,683.9642259560762,0.9264752410129024,0.055031675230624896,0.009598426615068746,0.9326465044686653,0.8029001953634668,0.49043913244499787,0.22499935658937367,21.064369117770323,0.13682891352659432
Chibi,20110622,deep_anesthesia,5,2,2038.986,678.3756381014572,0.931582562154781,0.04923561012891373,0.00955838136834833,0.9309061032015856,0.8051940447360947,0.49578924360526755,0.2300148345624571,21.182183341609754,0.14249032984375587
Chibi,20110622,deep_anesthesia,6,2,2358.8,673.8974308398081,0.9299661416017697,0.05028996276628386,0.010724325068323118,0.9294069705329742,0.8027580326575262,0.5069540458246345,0.2076255359550712,22.311506825369865,0.12986494316368205
Chibi,20110622,recovery_eyes_closed,1,3,807.44,194.8546381433517,0.4158067001552074,0.2083434425442287,0.09763221546499948,0.46332599952280196,0.19907331550610413,-0.025256580244289055,0.3454869255766189,16.67688002765438,0.0703043407659219
Chibi,20110622,recovery_eyes_closed,2,3,1059.874,200.89662145088425,0.40425422948492423,0.2351615038248143,0.10052582056819291,0.45566257224979484,0.1985956278832038,-0.023862844416598288,0.38671719329468024,14.393986426985439,0.07205777319811707
Chibi,20110622,recovery_eyes_closed,3,3,1312.308,192.1860304873182,0.39082706554020497,0.23422189019711143,0.10835912039989849,0.4357117537348752,0.1769147980442576,-0.024968737766219516,0.39305519633103825,14.01175248196044,0.06846220474380653
Chibi,20110622,recovery_eyes_closed,4,3,1564.7420000000002,188.82947163692015,0.39788385914239077,0.23146528596079596,0.10753877788314117,0.41620802019130615,0.17334036765858318,-0.008147481078809036,0.3928998225083691,13.91785589254895,0.0690587648222286
Chibi,20110622,recovery_eyes_closed,5,3,1817.176,186.57491522045362,0.39407603825752735,0.21070593530122822,0.10587494162824879,0.4131814492189865,0.17739882258643827,-0.01592857265138178,0.3837090626715492,14.82074761949893,0.06304734742038993
Chibi,20110622,recovery_eyes_closed,6,3,2069.61,173.42994747575645,0.38507403383225086,0.21948839869768919,0.10744327493780838,0.3908628254858877,0.17235927382053726,-0.030493736652809585,0.39568880940735385,13.540087823514186,0.06350712967284594
Chibi,20110622,recovery_eyes_open,1,3,2274.21,160.76488230817031,0.397390578226037,0.21360803039510987,0.10862527162792715,0.37043328611388454,0.16374250275714228,-0.0002473331884498399,0.17957781364937975,29.3362664734506,0.04077612731916988
Chibi,20110622,recovery_eyes_open,2,3,2435.2,159.9433173820742,0.3901236096630014,0.2117366498257659,0.11567562440746396,0.3572564950582389,0.1766413775365663,-0.003267575134922676,0.18117603134805124,29.633557800785912,0.04030481245028957
Chibi,20110622,recovery_eyes_open,3,3,2596.19,164.10730852039794,0.3978150248667133,0.20548012193112136,0.11107312073688001,0.3736805046279834,0.189183278333906,0.00340807948693003,0.17158454105972729,30.141532559486222,0.04446661161701979
Chibi,20110622,recovery_eyes_open,4,3,2757.18,160.68839550467104,0.39043634429710833,0.20790122720936394,0.11235639665518769,0.3735639787329945,0.18761102233499038,0.00852398109733292,0.17891458079053985,30.28658188645467,0.04465384152870844
Chibi,20110622,recovery_eyes_open,5,3,2918.17,159.09126612730321,0.3747906218940873,0.21038775632993917,0.11671528072819978,0.37012310687648103,0.18294527919062387,0.021643441587724806,0.1883308949734613,28.740482185814,0.04406019231233062
Chibi,20110622,recovery_eyes_open,6,3,3079.16,158.63589116352063,0.39622666239318294,0.20543311224154073,0.11353175516847967,0.38930324295744356,0.19641917215926305,0.003995452468966849,0.17143700228737827,29.573278997739116,0.044512318352515276
